time,precip_mm
2012-10-01,0.0
2012-10-02,0.0
2012-10-03,0.0
2012-10-04,0.0
2012-10-05,0.0
2012-10-06,0.0
2012-10-07,0.0
2012-10-08,0.0
2012-10-09,0.0
2012-10-10,0.0
2012-10-11,0.0
2012-10-12,0.0
2012-10-13,0.762
2012-10-14,0.0
2012-10-15,0.0
2012-10-16,1.778
2012-10-17,0.0
2012-10-18,0.0
2012-10-19,0.0
2012-10-20,0.0
2012-10-21,4.8260000000000005
2012-10-22,25.654
2012-10-23,22.352
2012-10-24,5.588
2012-10-25,0.0
2012-10-26,0.0
2012-10-27,0.0
2012-10-28,0.0
2012-10-29,0.0
2012-10-30,0.508
2012-10-31,27.94
2012-11-01,3.048
2012-11-02,0.0
2012-11-03,0.0
2012-11-04,0.254
2012-11-05,0.0
2012-11-06,0.254
2012-11-07,0.0
2012-11-08,12.192
2012-11-09,4.8260000000000005
2012-11-10,0.0
2012-11-11,0.0
2012-11-12,1.27
2012-11-13,9.906
2012-11-14,0.0
2012-11-15,0.254
2012-11-16,4.064
2012-11-17,53.848
2012-11-18,4.318
2012-11-19,11.176
2012-11-20,56.896
2012-11-21,18.034
2012-11-22,0.0
2012-11-23,0.254
2012-11-24,0.0
2012-11-25,0.0
2012-11-26,0.254
2012-11-27,0.0
2012-11-28,34.544
2012-11-29,89.408
2012-11-30,17.272
2012-12-01,52.832
2012-12-02,95.504
2012-12-03,1.016
2012-12-04,59.944
2012-12-05,7.112
2012-12-06,0.762
2012-12-07,0.0
2012-12-08,0.0
2012-12-09,0.0
2012-12-10,0.254
2012-12-11,7.366
2012-12-12,0.0
2012-12-13,0.254
2012-12-14,0.0
2012-12-15,8.382
2012-12-16,50.038000000000004
2012-12-17,23.368000000000002
2012-12-18,0.0
2012-12-19,0.762
2012-12-20,79.502
2012-12-21,28.956
2012-12-22,22.86
2012-12-23,47.498
2012-12-24,0.0
2012-12-25,36.068
2012-12-26,9.906
2012-12-27,0.0
2012-12-28,4.318
2012-12-29,0.0
2012-12-30,0.0
2012-12-31,0.0
2013-01-01,0.0
2013-01-02,0.0
2013-01-03,0.0
2013-01-04,0.0
2013-01-05,4.8260000000000005
2013-01-06,0.0
2013-01-07,0.0
2013-01-08,0.0
2013-01-09,4.8260000000000005
2013-01-10,1.016
2013-01-11,0.254
2013-01-12,0.0
2013-01-13,0.0
2013-01-14,0.254
2013-01-15,0.0
2013-01-16,0.0
2013-01-17,0.254
2013-01-18,0.0
2013-01-19,0.0
2013-01-20,0.254
2013-01-21,0.0
2013-01-22,0.254
2013-01-23,18.288
2013-01-24,0.0
2013-01-25,0.508
2013-01-26,1.27
2013-01-27,0.0
2013-01-28,0.508
2013-01-29,0.0
2013-01-30,0.0
2013-01-31,0.0
2013-02-01,0.0
2013-02-02,0.0
2013-02-03,0.0
2013-02-04,0.0
2013-02-05,0.0
2013-02-06,0.254
2013-02-07,17.018
2013-02-08,0.0
2013-02-09,0.0
2013-02-10,0.0
2013-02-11,0.254
2013-02-12,0.0
2013-02-13,0.0
2013-02-14,0.0
2013-02-15,0.254
2013-02-16,0.0
2013-02-17,0.0
2013-02-18,0.0
2013-02-19,18.542
2013-02-20,0.0
2013-02-21,0.0
2013-02-22,1.016
2013-02-23,0.762
2013-02-24,0.0
2013-02-25,0.0
2013-02-26,0.0
2013-02-27,1.524
2013-02-28,0.762
2013-03-01,0.0
2013-03-02,0.0
2013-03-03,0.508
2013-03-04,0.0
2013-03-05,56.134
2013-03-06,29.464
2013-03-07,0.0
2013-03-08,0.0
2013-03-09,0.0
2013-03-10,0.0
2013-03-11,0.0
2013-03-12,0.0
2013-03-13,0.0
2013-03-14,0.0
2013-03-15,0.0
2013-03-16,0.0
2013-03-17,0.0
2013-03-18,0.0
2013-03-19,9.652000000000001
2013-03-20,47.498
2013-03-21,0.0
2013-03-22,0.0
2013-03-23,0.0
2013-03-24,0.0
2013-03-25,1.016
2013-03-26,0.0
2013-03-27,2.286
2013-03-28,1.016
2013-03-29,0.0
2013-03-30,2.286
2013-03-31,6.35
2013-04-01,0.0
2013-04-02,0.0
2013-04-03,0.254
2013-04-04,40.132
2013-04-05,9.906
2013-04-06,11.176
2013-04-07,19.05
2013-04-08,0.0
2013-04-09,0.0
2013-04-10,0.0
2013-04-11,0.0
2013-04-12,0.0
2013-04-13,0.0
2013-04-14,0.0
2013-04-15,0.762
2013-04-16,0.0
2013-04-17,0.0
2013-04-18,0.0
2013-04-19,0.0
2013-04-20,0.0
2013-04-21,0.0
2013-04-22,0.0
2013-04-23,0.0
2013-04-24,0.0
2013-04-25,0.0
2013-04-26,0.0
2013-04-27,0.0
2013-04-28,0.0
2013-04-29,0.0
2013-04-30,0.0
2013-05-01,0.0
2013-05-02,0.0
2013-05-03,0.0
2013-05-04,0.0
2013-05-05,0.0
2013-05-06,2.794
2013-05-07,0.254
2013-05-08,0.0
2013-05-09,0.0
2013-05-10,0.0
2013-05-11,0.0
2013-05-12,0.0
2013-05-13,0.0
2013-05-14,0.0
2013-05-15,0.0
2013-05-16,0.0
2013-05-17,0.0
2013-05-18,0.0
2013-05-19,0.0
2013-05-20,0.0
2013-05-21,0.0
2013-05-22,0.0
2013-05-23,0.0
2013-05-24,0.0
2013-05-25,0.0
2013-05-26,0.508
2013-05-27,16.002
2013-05-28,1.778
2013-05-29,1.016
2013-05-30,0.0
2013-05-31,0.0
2013-06-01,0.0
2013-06-02,0.0
2013-06-03,0.0
2013-06-04,0.0
2013-06-05,0.0
2013-06-06,0.0
2013-06-07,0.0
2013-06-08,0.0
2013-06-09,0.0
2013-06-10,0.0
2013-06-11,0.0
2013-06-12,0.0
2013-06-13,0.0
2013-06-14,0.0
2013-06-15,0.0
2013-06-16,0.0
2013-06-17,0.0
2013-06-18,0.0
2013-06-19,0.0
2013-06-20,0.0
2013-06-21,0.0
2013-06-22,0.0
2013-06-23,2.032
2013-06-24,5.588
2013-06-25,34.544
2013-06-26,7.62
2013-06-27,0.0
2013-06-28,0.0
2013-06-29,0.0
2013-06-30,0.0
2013-07-01,0.0
2013-07-02,0.0
2013-07-03,0.0
2013-07-04,0.0
2013-07-05,0.0
2013-07-06,0.0
2013-07-07,0.0
2013-07-08,0.0
2013-07-09,0.0
2013-07-10,0.0
2013-07-11,0.0
2013-07-12,0.0
2013-07-13,0.0
2013-07-14,0.0
2013-07-15,0.0
2013-07-16,0.0
2013-07-17,0.0
2013-07-18,0.0
2013-07-19,0.0
2013-07-20,0.0
2013-07-21,0.0
2013-07-22,0.0
2013-07-23,0.0
2013-07-24,0.0
2013-07-25,0.0
2013-07-26,0.0
2013-07-27,0.0
2013-07-28,0.0
2013-07-29,0.0
2013-07-30,0.0
2013-07-31,0.0
2013-08-01,0.0
2013-08-02,0.0
2013-08-03,0.0
2013-08-04,0.0
2013-08-05,0.0
2013-08-06,0.0
2013-08-07,0.0
2013-08-08,0.0
2013-08-09,0.0
2013-08-10,0.0
2013-08-11,0.0
2013-08-12,0.0
2013-08-13,0.0
2013-08-14,0.0
2013-08-15,0.0
2013-08-16,0.0
2013-08-17,0.0
2013-08-18,0.0
2013-08-19,0.0
2013-08-20,0.0
2013-08-21,0.0
2013-08-22,0.0
2013-08-23,0.0
2013-08-24,0.0
2013-08-25,0.508
2013-08-26,0.0
2013-08-27,0.0
2013-08-28,0.0
2013-08-29,0.0
2013-08-30,0.0
2013-08-31,0.0
2013-09-01,0.0
2013-09-02,0.0
2013-09-03,0.0
2013-09-04,0.0
2013-09-05,0.0
2013-09-06,0.0
2013-09-07,0.0
2013-09-08,0.0
2013-09-09,0.0
2013-09-10,0.0
2013-09-11,0.0
2013-09-12,0.0
2013-09-13,0.0
2013-09-14,0.0
2013-09-15,0.0
2013-09-16,0.0
2013-09-17,0.0
2013-09-18,0.0
2013-09-19,0.0
2013-09-20,12.954
2013-09-21,7.8740000000000006
2013-09-22,0.0
2013-09-23,0.508
2013-09-24,0.0
2013-09-25,0.0
2013-09-26,0.0
2013-09-27,0.0
2013-09-28,2.286
2013-09-29,66.294
2013-09-30,25.908
2013-10-01,0.0
2013-10-02,0.0
2013-10-03,0.0
2013-10-04,0.0
2013-10-05,0.0
2013-10-06,0.0
2013-10-07,0.0
2013-10-08,0.0
2013-10-09,0.0
2013-10-10,0.0
2013-10-11,0.0
2013-10-12,0.0
2013-10-13,0.0
2013-10-14,0.0
2013-10-15,0.0
2013-10-16,0.0
2013-10-17,0.0
2013-10-18,0.0
2013-10-19,0.0
2013-10-20,0.0
2013-10-21,0.0
2013-10-22,0.0
2013-10-23,0.0
2013-10-24,0.0
2013-10-25,0.0
2013-10-26,0.0
2013-10-27,0.0
2013-10-28,0.0
2013-10-29,0.0
2013-10-30,0.0
2013-10-31,0.0
2013-11-01,0.0
2013-11-02,0.0
2013-11-03,0.0
2013-11-04,0.0
2013-11-05,0.0
2013-11-06,0.0
2013-11-07,0.0
2013-11-08,0.0
2013-11-09,0.254
2013-11-10,0.0
2013-11-11,0.0
2013-11-12,0.0
2013-11-13,0.0
2013-11-14,0.0
2013-11-15,0.254
2013-11-16,0.0
2013-11-17,0.0
2013-11-18,4.572
2013-11-19,56.388
2013-11-20,2.54
2013-11-21,0.0
2013-11-22,0.0
2013-11-23,0.0
2013-11-24,0.0
2013-11-25,0.0
2013-11-26,0.0
2013-11-27,0.0
2013-11-28,0.0
2013-11-29,0.0
2013-11-30,0.0
2013-12-01,0.254
2013-12-02,1.27
2013-12-03,0.0
2013-12-04,0.0
2013-12-05,0.254
2013-12-06,16.002
2013-12-07,0.254
2013-12-08,0.0
2013-12-09,0.0
2013-12-10,0.0
2013-12-11,0.0
2013-12-12,0.0
2013-12-13,0.254
2013-12-14,0.0
2013-12-15,0.0
2013-12-16,0.0
2013-12-17,0.0
2013-12-18,0.254
2013-12-19,0.0
2013-12-20,0.0
2013-12-21,0.0
2013-12-22,0.0
2013-12-23,0.0
2013-12-24,0.0
2013-12-25,0.254
2013-12-26,0.0
2013-12-27,0.0
2013-12-28,0.0
2013-12-29,0.254
2013-12-30,0.0
2013-12-31,0.0
2014-01-01,0.0
2014-01-02,0.0
2014-01-03,0.0
2014-01-04,0.254
2014-01-05,0.0
2014-01-06,0.0
2014-01-07,0.254
2014-01-08,2.032
2014-01-09,0.762
2014-01-10,0.254
2014-01-11,18.288
2014-01-12,0.0
2014-01-13,0.0
2014-01-14,0.0
2014-01-15,0.0
2014-01-16,0.254
2014-01-17,0.0
2014-01-18,0.0
2014-01-19,0.0
2014-01-20,0.254
2014-01-21,0.0
2014-01-22,0.0
2014-01-23,0.0
2014-01-24,0.0
2014-01-25,0.0
2014-01-26,0.0
2014-01-27,0.0
2014-01-28,6.8580000000000005
2014-01-29,21.336
2014-01-30,0.0
2014-01-31,0.0
2014-02-01,0.254
2014-02-02,3.048
2014-02-03,0.0
2014-02-04,0.0
2014-02-05,7.8740000000000006
2014-02-06,14.224
2014-02-07,48.768
2014-02-08,75.184
2014-02-09,63.246
2014-02-10,0.508
2014-02-11,0.0
2014-02-12,9.144
2014-02-13,9.906
2014-02-14,12.192
2014-02-15,43.434
2014-02-16,0.254
2014-02-17,0.0
2014-02-18,8.382
2014-02-19,1.27
2014-02-20,0.0
2014-02-21,0.0
2014-02-22,0.0
2014-02-23,0.0
2014-02-24,0.0
2014-02-25,0.0
2014-02-26,16.002
2014-02-27,44.958
2014-02-28,19.05
2014-03-01,0.0
2014-03-02,10.16
2014-03-03,114.046
2014-03-04,3.556
2014-03-05,45.72
2014-03-06,4.318
2014-03-07,0.0
2014-03-08,1.016
2014-03-09,25.4
2014-03-10,3.048
2014-03-11,0.0
2014-03-12,0.0
2014-03-13,0.0
2014-03-14,0.0
2014-03-15,0.0
2014-03-16,0.0
2014-03-17,2.032
2014-03-18,0.0
2014-03-19,0.0
2014-03-20,0.0
2014-03-21,0.0
2014-03-22,0.0
2014-03-23,0.0
2014-03-24,0.0
2014-03-25,29.464
2014-03-26,24.384
2014-03-27,5.588
2014-03-28,84.074
2014-03-29,19.812
2014-03-30,3.048
2014-03-31,32.766
2014-04-01,18.288
2014-04-02,0.0
2014-04-03,0.0
2014-04-04,0.508
2014-04-05,0.0
2014-04-06,0.0
2014-04-07,0.0
2014-04-08,0.0
2014-04-09,0.0
2014-04-10,0.0
2014-04-11,0.0
2014-04-12,0.0
2014-04-13,0.0
2014-04-14,0.0
2014-04-15,0.0
2014-04-16,0.0
2014-04-17,0.0
2014-04-18,0.0
2014-04-19,0.0
2014-04-20,0.0
2014-04-21,3.302
2014-04-22,0.0
2014-04-23,2.54
2014-04-24,10.414
2014-04-25,6.8580000000000005
2014-04-26,1.27
2014-04-27,3.556
2014-04-28,0.0
2014-04-29,0.0
2014-04-30,0.0
2014-05-01,0.0
2014-05-02,0.0
2014-05-03,0.0
2014-05-04,3.302
2014-05-05,0.0
2014-05-06,0.0
2014-05-07,0.0
2014-05-08,5.08
2014-05-09,0.762
2014-05-10,0.0
2014-05-11,0.0
2014-05-12,0.0
2014-05-13,0.0
2014-05-14,0.0
2014-05-15,0.0
2014-05-16,0.0
2014-05-17,0.0
2014-05-18,0.0
2014-05-19,0.0
2014-05-20,0.0
2014-05-21,0.0
2014-05-22,0.0
2014-05-23,0.0
2014-05-24,0.0
2014-05-25,0.0
2014-05-26,0.0
2014-05-27,0.0
2014-05-28,0.0
2014-05-29,0.0
2014-05-30,0.0
2014-05-31,0.0
2014-06-01,0.0
2014-06-02,0.0
2014-06-03,0.0
2014-06-04,0.0
2014-06-05,0.0
2014-06-06,0.0
2014-06-07,0.0
2014-06-08,0.0
2014-06-09,0.0
2014-06-10,0.0
2014-06-11,0.0
2014-06-12,0.0
2014-06-13,0.0
2014-06-14,0.0
2014-06-15,0.0
2014-06-16,0.0
2014-06-17,0.0
2014-06-18,0.0
2014-06-19,0.0
2014-06-20,0.0
2014-06-21,0.0
2014-06-22,0.0
2014-06-23,0.0
2014-06-24,0.0
2014-06-25,0.508
2014-06-26,1.27
2014-06-27,0.0
2014-06-28,0.0
2014-06-29,0.0
2014-06-30,0.0
2014-07-01,0.0
2014-07-02,0.0
2014-07-03,0.0
2014-07-04,0.0
2014-07-05,0.0
2014-07-06,0.0
2014-07-07,0.0
2014-07-08,0.0
2014-07-09,0.0
2014-07-10,0.0
2014-07-11,0.0
2014-07-12,0.0
2014-07-13,0.0
2014-07-14,0.0
2014-07-15,0.0
2014-07-16,0.0
2014-07-17,0.0
2014-07-18,0.0
2014-07-19,0.0
2014-07-20,0.0
2014-07-21,0.0
2014-07-22,0.0
2014-07-23,0.0
2014-07-24,0.0
2014-07-25,0.0
2014-07-26,0.0
2014-07-27,0.0
2014-07-28,0.0
2014-07-29,0.0
2014-07-30,0.0
2014-07-31,0.0
2014-08-01,0.0
2014-08-02,0.0
2014-08-03,0.0
2014-08-04,0.0
2014-08-05,0.0
2014-08-06,0.0
2014-08-07,0.0
2014-08-08,0.0
2014-08-09,0.0
2014-08-10,0.0
2014-08-11,0.0
2014-08-12,0.0
2014-08-13,0.0
2014-08-14,0.0
2014-08-15,0.0
2014-08-16,0.0
2014-08-17,0.0
2014-08-18,0.0
2014-08-19,0.0
2014-08-20,0.0
2014-08-21,0.0
2014-08-22,0.0
2014-08-23,0.0
2014-08-24,0.0
2014-08-25,0.0
2014-08-26,0.0
2014-08-27,0.0
2014-08-28,0.0
2014-08-29,0.0
2014-08-30,0.0
2014-08-31,0.0
2014-09-01,0.0
2014-09-02,0.0
2014-09-03,0.0
2014-09-04,0.0
2014-09-05,0.0
2014-09-06,0.0
2014-09-07,0.0
2014-09-08,0.0
2014-09-09,0.0
2014-09-10,0.0
2014-09-11,0.0
2014-09-12,0.0
2014-09-13,0.0
2014-09-14,0.0
2014-09-15,0.0
2014-09-16,0.0
2014-09-17,7.8740000000000006
2014-09-18,2.54
2014-09-19,0.0
2014-09-20,0.0
2014-09-21,0.0
2014-09-22,0.0
2014-09-23,0.508
2014-09-24,35.306
2014-09-25,3.556
2014-09-26,0.254
2014-09-27,0.0
2014-09-28,0.0
2014-09-29,0.0
2014-09-30,0.0
2014-10-01,0.0
2014-10-02,0.0
2014-10-03,0.0
2014-10-04,0.0
2014-10-05,0.0
2014-10-06,0.0
2014-10-07,0.0
2014-10-08,0.0
2014-10-09,0.0
2014-10-10,0.0
2014-10-11,0.0
2014-10-12,0.0
2014-10-13,0.0
2014-10-14,9.144
2014-10-15,10.668
2014-10-16,0.0
2014-10-17,8.128
2014-10-18,0.508
2014-10-19,0.254
2014-10-20,18.542
2014-10-21,0.254
2014-10-22,0.762
2014-10-23,43.688
2014-10-24,0.508
2014-10-25,69.596
2014-10-26,0.254
2014-10-27,0.0
2014-10-28,0.254
2014-10-29,0.0
2014-10-30,0.0
2014-10-31,23.876
2014-11-01,0.0
2014-11-02,0.0
2014-11-03,0.0
2014-11-04,0.0
2014-11-05,0.0
2014-11-06,0.0
2014-11-07,0.0
2014-11-08,0.0
2014-11-09,0.254
2014-11-10,0.0
2014-11-11,0.254
2014-11-12,11.938
2014-11-13,7.112
2014-11-14,1.524
2014-11-15,0.254
2014-11-16,0.0
2014-11-17,0.0
2014-11-18,0.0
2014-11-19,20.066
2014-11-20,15.494
2014-11-21,41.656
2014-11-22,59.944
2014-11-23,0.0
2014-11-24,0.0
2014-11-25,0.254
2014-11-26,0.0
2014-11-27,0.254
2014-11-28,31.242
2014-11-29,25.4
2014-11-30,16.256
2014-12-01,0.254
2014-12-02,19.304000000000002
2014-12-03,37.846000000000004
2014-12-04,0.254
2014-12-05,41.402
2014-12-06,1.27
2014-12-07,24.638
2014-12-08,20.574
2014-12-09,0.0
2014-12-10,47.752
2014-12-11,55.626
2014-12-12,13.716000000000001
2014-12-13,0.254
2014-12-14,1.016
2014-12-15,12.192
2014-12-16,41.656
2014-12-17,26.67
2014-12-18,6.8580000000000005
2014-12-19,26.924
2014-12-20,37.592
2014-12-21,9.144
2014-12-22,0.508
2014-12-23,0.0
2014-12-24,11.684000000000001
2014-12-25,0.0
2014-12-26,0.254
2014-12-27,0.0
2014-12-28,0.0
2014-12-29,0.508
2014-12-30,0.0
2014-12-31,0.254
2015-01-01,0.0
2015-01-02,0.0
2015-01-03,0.0
2015-01-04,0.0
2015-01-05,0.254
2015-01-06,0.0
2015-01-07,0.0
2015-01-08,0.0
2015-01-09,0.254
2015-01-10,0.0
2015-01-11,0.0
2015-01-12,0.0
2015-01-13,0.0
2015-01-14,0.254
2015-01-15,1.27
2015-01-16,34.544
2015-01-17,17.018
2015-01-18,21.59
2015-01-19,0.254
2015-01-20,0.0
2015-01-21,0.0
2015-01-22,0.0
2015-01-23,0.0
2015-01-24,0.254
2015-01-25,0.0
2015-01-26,0.254
2015-01-27,0.0
2015-01-28,0.0
2015-01-29,0.0
2015-01-30,0.0
2015-01-31,0.0
2015-02-01,0.254
2015-02-02,4.572
2015-02-03,0.0
2015-02-04,0.254
2015-02-05,27.178
2015-02-06,168.656
2015-02-07,6.8580000000000005
2015-02-08,41.656
2015-02-09,33.782000000000004
2015-02-10,0.0
2015-02-11,0.0
2015-02-12,0.254
2015-02-13,0.0
2015-02-14,0.0
2015-02-15,0.0
2015-02-16,0.254
2015-02-17,0.0
2015-02-18,0.0
2015-02-19,0.0
2015-02-20,0.0
2015-02-21,0.0
2015-02-22,0.0
2015-02-23,0.0
2015-02-24,0.0
2015-02-25,0.0
2015-02-26,0.0
2015-02-27,7.366
2015-02-28,0.0
2015-03-01,0.0
2015-03-02,0.0
2015-03-03,0.0
2015-03-04,0.0
2015-03-05,0.0
2015-03-06,0.0
2015-03-07,0.0
2015-03-08,0.0
2015-03-09,0.0
2015-03-10,0.0
2015-03-11,1.778
2015-03-12,0.0
2015-03-13,0.0
2015-03-14,0.0
2015-03-15,2.794
2015-03-16,0.508
2015-03-17,0.0
2015-03-18,0.0
2015-03-19,0.0
2015-03-20,1.27
2015-03-21,0.0
2015-03-22,16.51
2015-03-23,14.224
2015-03-24,14.224
2015-03-25,0.0
2015-03-26,0.0
2015-03-27,0.0
2015-03-28,0.0
2015-03-29,0.0
2015-03-30,0.0
2015-03-31,0.762
2015-04-01,0.0
2015-04-02,0.0
2015-04-03,0.0
2015-04-04,0.0
2015-04-05,19.304000000000002
2015-04-06,22.098
2015-04-07,10.668
2015-04-08,0.0
2015-04-09,0.0
2015-04-10,0.0
2015-04-11,0.0
2015-04-12,0.0
2015-04-13,4.318
2015-04-14,0.254
2015-04-15,0.0
2015-04-16,0.0
2015-04-17,0.0
2015-04-18,0.0
2015-04-19,0.0
2015-04-20,0.0
2015-04-21,0.0
2015-04-22,0.0
2015-04-23,0.0
2015-04-24,7.8740000000000006
2015-04-25,0.508
2015-04-26,0.0
2015-04-27,0.0
2015-04-28,0.0
2015-04-29,0.0
2015-04-30,0.0
2015-05-01,0.0
2015-05-02,0.0
2015-05-03,0.0
2015-05-04,0.0
2015-05-05,0.0
2015-05-06,0.0
2015-05-07,0.0
2015-05-08,0.0
2015-05-09,0.0
2015-05-10,0.0
2015-05-11,0.0
2015-05-12,0.0
2015-05-13,0.0
2015-05-14,0.508
2015-05-15,0.0
2015-05-16,0.0
2015-05-17,0.0
2015-05-18,0.0
2015-05-19,0.0
2015-05-20,0.0
2015-05-21,0.0
2015-05-22,0.0
2015-05-23,0.0
2015-05-24,0.0
2015-05-25,0.0
2015-05-26,0.0
2015-05-27,0.0
2015-05-28,0.0
2015-05-29,0.0
2015-05-30,0.0
2015-05-31,0.0
2015-06-01,2.286
2015-06-02,0.0
2015-06-03,0.0
2015-06-04,0.0
2015-06-05,0.0
2015-06-06,0.0
2015-06-07,0.0
2015-06-08,0.0
2015-06-09,0.0
2015-06-10,0.0
2015-06-11,0.0
2015-06-12,0.0
2015-06-13,0.0
2015-06-14,0.0
2015-06-15,0.0
2015-06-16,0.0
2015-06-17,0.0
2015-06-18,0.0
2015-06-19,0.0
2015-06-20,0.0
2015-06-21,0.0
2015-06-22,0.0
2015-06-23,0.0
2015-06-24,0.0
2015-06-25,0.0
2015-06-26,0.0
2015-06-27,0.0
2015-06-28,0.0
2015-06-29,0.0
2015-06-30,0.0
2015-07-01,0.0
2015-07-02,0.0
2015-07-03,0.0
2015-07-04,0.0
2015-07-05,0.0
2015-07-06,0.0
2015-07-07,0.0
2015-07-08,0.0
2015-07-09,7.366
2015-07-10,0.0
2015-07-11,0.254
2015-07-12,0.0
2015-07-13,0.0
2015-07-14,0.0
2015-07-15,0.0
2015-07-16,0.0
2015-07-17,0.0
2015-07-18,0.0
2015-07-19,0.0
2015-07-20,0.0
2015-07-21,0.0
2015-07-22,0.0
2015-07-23,0.0
2015-07-24,0.0
2015-07-25,0.0
2015-07-26,0.0
2015-07-27,0.0
2015-07-28,0.0
2015-07-29,0.0
2015-07-30,0.0
2015-07-31,0.0
2015-08-01,0.0
2015-08-02,0.0
2015-08-03,0.0
2015-08-04,0.0
2015-08-05,0.0
2015-08-06,0.0
2015-08-07,0.0
2015-08-08,0.0
2015-08-09,0.0
2015-08-10,0.0
2015-08-11,0.0
2015-08-12,0.0
2015-08-13,0.0
2015-08-14,0.0
2015-08-15,0.0
2015-08-16,0.0
2015-08-17,0.0
2015-08-18,0.0
2015-08-19,0.0
2015-08-20,0.0
2015-08-21,0.0
2015-08-22,0.0
2015-08-23,0.0
2015-08-24,0.0
2015-08-25,0.0
2015-08-26,0.0
2015-08-27,0.0
2015-08-28,0.0
2015-08-29,13.97
2015-08-30,0.0
2015-08-31,0.0
2015-09-01,0.0
2015-09-02,0.0
2015-09-03,0.0
2015-09-04,0.0
2015-09-05,0.0
2015-09-06,0.0
2015-09-07,0.0
2015-09-08,0.0
2015-09-09,0.0
2015-09-10,0.0
2015-09-11,0.0
2015-09-12,0.0
2015-09-13,0.0
2015-09-14,0.254
2015-09-15,0.0
2015-09-16,38.1
2015-09-17,0.0
2015-09-18,0.0
2015-09-19,0.0
2015-09-20,0.0
2015-09-21,0.0
2015-09-22,0.0
2015-09-23,0.0
2015-09-24,0.0
2015-09-25,0.0
2015-09-26,0.0
2015-09-27,0.0
2015-09-28,0.0
2015-09-29,0.0
2015-09-30,0.0
2015-10-01,0.0
2015-10-02,0.0
2015-10-03,0.0
2015-10-04,0.0
2015-10-05,0.0
2015-10-06,0.0
2015-10-07,0.0
2015-10-08,0.0
2015-10-09,0.0
2015-10-10,0.0
2015-10-11,0.0
2015-10-12,0.0
2015-10-13,0.0
2015-10-14,0.0
2015-10-15,0.0
2015-10-16,0.0
2015-10-17,5.6000000000000005
2015-10-18,0.0
2015-10-19,0.0
2015-10-20,0.0
2015-10-21,0.0
2015-10-22,0.0
2015-10-23,0.0
2015-10-24,0.0
2015-10-25,0.8
2015-10-26,0.0
2015-10-27,3.0
2015-10-28,5.0
2015-10-29,0.0
2015-10-30,0.0
2015-10-31,0.2
2015-11-01,13.600000000000001
2015-11-02,0.4
2015-11-03,0.0
2015-11-04,0.0
2015-11-05,0.0
2015-11-06,0.0
2015-11-07,1.8
2015-11-08,25.6
2015-11-09,16.0
2015-11-10,0.0
2015-11-11,0.0
2015-11-12,0.0
2015-11-13,0.2
2015-11-14,0.2
2015-11-15,33.800000000000004
2015-11-16,0.0
2015-11-17,1.4000000000000001
2015-11-18,1.2000000000000002
2015-11-19,0.0
2015-11-20,0.0
2015-11-21,0.2
2015-11-22,0.0
2015-11-23,0.0
2015-11-24,21.400000000000002
2015-11-25,0.0
2015-11-26,0.0
2015-11-27,0.0
2015-11-28,0.0
2015-11-29,0.0
2015-11-30,3.0000000000000004
2015-12-01,2.0
2015-12-02,18.2
2015-12-03,54.800000000000004
2015-12-04,5.6
2015-12-05,11.4
2015-12-06,33.4
2015-12-07,8.8
2015-12-08,9.4
2015-12-09,67.6
2015-12-10,80.2
2015-12-11,8.4
2015-12-12,12.0
2015-12-13,55.4
2015-12-14,1.2000000000000002
2015-12-15,0.2
2015-12-16,0.0
2015-12-17,23.200000000000003
2015-12-18,42.800000000000004
2015-12-19,5.2
2015-12-20,39.4
2015-12-21,140.8
2015-12-22,68.2
2015-12-23,5.8
2015-12-24,25.8
2015-12-25,2.8000000000000003
2015-12-26,0.0
2015-12-27,7.4
2015-12-28,0.2
2015-12-29,0.2
2015-12-30,6.0
2015-12-31,0.0
2016-01-01,0.0
2016-01-02,0.2
2016-01-03,7.2
2016-01-04,31.200000000000003
2016-01-05,29.8
2016-01-06,41.0
2016-01-07,3.0
2016-01-08,7.0
2016-01-09,12.4
2016-01-10,0.0
2016-01-11,4.4
2016-01-12,28.2
2016-01-13,34.6
2016-01-14,26.400000000000002
2016-01-15,10.0
2016-01-16,17.8
2016-01-17,118.4
2016-01-18,11.4
2016-01-19,29.8
2016-01-20,0.0
2016-01-21,6.4
2016-01-22,31.8
2016-01-23,40.6
2016-01-24,11.6
2016-01-25,2.2
2016-01-26,0.0
2016-01-27,0.2
2016-01-28,19.8
2016-01-29,75.0
2016-01-30,3.6
2016-01-31,0.2
2016-02-01,0.0
2016-02-02,3.8000000000000003
2016-02-03,15.8
2016-02-04,0.4
2016-02-05,0.0
2016-02-06,0.0
2016-02-07,0.0
2016-02-08,0.0
2016-02-09,0.0
2016-02-10,0.0
2016-02-11,0.0
2016-02-12,0.0
2016-02-13,0.0
2016-02-14,0.0
2016-02-15,0.0
2016-02-16,0.0
2016-02-17,27.400000000000002
2016-02-18,29.6
2016-02-19,16.8
2016-02-20,0.2
2016-02-21,0.0
2016-02-22,0.0
2016-02-23,0.0
2016-02-24,0.0
2016-02-25,0.0
2016-02-26,11.0
2016-02-27,0.2
2016-02-28,4.800000000000001
2016-02-29,0.0
2016-03-01,10.6
2016-03-02,21.8
2016-03-03,5.2
2016-03-04,3.6
2016-03-05,129.2
2016-03-06,48.4
2016-03-07,7.800000000000001
2016-03-08,5.4
2016-03-09,24.0
2016-03-10,55.6
2016-03-11,22.8
2016-03-12,61.400000000000006
2016-03-13,116.60000000000001
2016-03-14,5.4
2016-03-15,0.0
2016-03-16,10.6
2016-03-17,0.0
2016-03-18,0.0
2016-03-19,0.0
2016-03-20,35.6
2016-03-21,57.2
2016-03-22,9.0
2016-03-23,0.0
2016-03-24,0.0
2016-03-25,0.0
2016-03-26,0.0
2016-03-27,0.0
2016-03-28,0.0
2016-03-29,0.0
2016-03-30,0.0
2016-03-31,0.0
2016-04-01,0.0
2016-04-02,0.0
2016-04-03,0.0
2016-04-04,0.0
2016-04-05,0.0
2016-04-06,0.0
2016-04-07,0.0
2016-04-08,0.0
2016-04-09,0.0
2016-04-10,0.0
2016-04-11,0.0
2016-04-12,0.0
2016-04-13,23.0
2016-04-14,2.8000000000000003
2016-04-15,0.2
2016-04-16,0.0
2016-04-17,0.0
2016-04-18,0.0
2016-04-19,0.0
2016-04-20,0.0
2016-04-21,21.400000000000002
2016-04-22,36.0
2016-04-23,0.2
2016-04-24,0.2
2016-04-25,0.0
2016-04-26,0.0
2016-04-27,4.4
2016-04-28,0.0
2016-04-29,0.0
2016-04-30,0.0
2016-05-01,0.0
2016-05-02,0.0
2016-05-03,0.0
2016-05-04,0.0
2016-05-05,6.8
2016-05-06,0.8
2016-05-07,1.2
2016-05-08,0.4
2016-05-09,0.0
2016-05-10,0.0
2016-05-11,0.0
2016-05-12,0.0
2016-05-13,0.0
2016-05-14,0.2
2016-05-15,0.0
2016-05-16,0.0
2016-05-17,0.0
2016-05-18,0.0
2016-05-19,0.0
2016-05-20,0.0
2016-05-21,12.0
2016-05-22,0.0
2016-05-23,0.0
2016-05-24,1.4000000000000001
2016-05-25,0.2
2016-05-26,0.0
2016-05-27,0.0
2016-05-28,0.0
2016-05-29,0.0
2016-05-30,0.0
2016-05-31,0.0
2016-06-01,0.0
2016-06-02,0.0
2016-06-03,0.0
2016-06-04,0.0
2016-06-05,0.0
2016-06-06,0.0
2016-06-07,0.0
2016-06-08,0.0
2016-06-09,0.0
2016-06-10,0.0
2016-06-11,0.0
2016-06-12,0.0
2016-06-13,0.0
2016-06-14,0.0
2016-06-15,0.4
2016-06-16,6.0
2016-06-17,16.0
2016-06-18,0.0
2016-06-19,0.0
2016-06-20,0.0
2016-06-21,0.0
2016-06-22,0.0
2016-06-23,0.0
2016-06-24,0.0
2016-06-25,0.0
2016-06-26,0.0
2016-06-27,0.0
2016-06-28,0.0
2016-06-29,0.0
2016-06-30,0.0
2016-07-01,0.0
2016-07-02,0.0
2016-07-03,0.0
2016-07-04,0.0
2016-07-05,0.0
2016-07-06,0.0
2016-07-07,0.0
2016-07-08,0.0
2016-07-09,0.6000000000000001
2016-07-10,0.0
2016-07-11,0.0
2016-07-12,0.0
2016-07-13,0.0
2016-07-14,0.0
2016-07-15,0.0
2016-07-16,0.0
2016-07-17,0.0
2016-07-18,0.0
2016-07-19,0.0
2016-07-20,0.0
2016-07-21,0.0
2016-07-22,0.0
2016-07-23,0.0
2016-07-24,0.0
2016-07-25,0.0
2016-07-26,0.0
2016-07-27,0.0
2016-07-28,0.0
2016-07-29,0.0
2016-07-30,0.0
2016-07-31,0.0
2016-08-01,0.0
2016-08-02,0.0
2016-08-03,0.0
2016-08-04,0.0
2016-08-05,0.0
2016-08-06,0.0
2016-08-07,0.0
2016-08-08,0.0
2016-08-09,0.0
2016-08-10,0.0
2016-08-11,0.0
2016-08-12,0.0
2016-08-13,0.0
2016-08-14,0.0
2016-08-15,0.0
2016-08-16,0.0
2016-08-17,0.0
2016-08-18,0.0
2016-08-19,0.0
2016-08-20,0.0
2016-08-21,0.0
2016-08-22,0.0
2016-08-23,0.0
2016-08-24,0.0
2016-08-25,0.0
2016-08-26,0.0
2016-08-27,0.0
2016-08-28,0.0
2016-08-29,0.0
2016-08-30,0.0
2016-08-31,0.0
2016-09-01,0.0
2016-09-02,0.0
2016-09-03,0.0
2016-09-04,0.0
2016-09-05,0.0
2016-09-06,0.0
2016-09-07,0.0
2016-09-08,0.0
2016-09-09,0.0
2016-09-10,0.0
2016-09-11,0.0
2016-09-12,0.0
2016-09-13,0.0
2016-09-14,0.0
2016-09-15,0.0
2016-09-16,0.0
2016-09-17,0.0
2016-09-18,0.0
2016-09-19,0.0
2016-09-20,0.0
2016-09-21,0.0
2016-09-22,0.0
2016-09-23,0.0
2016-09-24,0.0
2016-09-25,0.0
2016-09-26,0.0
2016-09-27,0.0
2016-09-28,0.0
2016-09-29,0.0
2016-09-30,0.0
2016-10-01,0.0
2016-10-02,18.400000000000002
2016-10-03,13.600000000000001
2016-10-04,2.4000000000000004
2016-10-05,0.2
2016-10-06,0.0
2016-10-07,0.0
2016-10-08,0.0
2016-10-09,0.0
2016-10-10,0.0
2016-10-11,0.0
2016-10-12,0.0
2016-10-13,56.0
2016-10-14,52.8
2016-10-15,35.4
2016-10-16,44.6
2016-10-17,24.4
2016-10-18,3.2
2016-10-19,0.0
2016-10-20,0.0
2016-10-21,0.0
2016-10-22,0.0
2016-10-23,0.0
2016-10-24,60.8
2016-10-25,11.6
2016-10-26,0.6000000000000001
2016-10-27,53.6
2016-10-28,2.8000000000000003
2016-10-29,30.8
2016-10-30,80.8
2016-10-31,44.8
2016-11-01,10.6
2016-11-02,0.2
2016-11-03,0.0
2016-11-04,0.0
2016-11-05,27.400000000000002
2016-11-06,1.6
2016-11-07,0.0
2016-11-08,0.2
2016-11-09,0.0
2016-11-10,0.0
2016-11-11,12.0
2016-11-12,6.0
2016-11-13,0.0
2016-11-14,0.0
2016-11-15,16.6
2016-11-16,0.8
2016-11-17,0.0
2016-11-18,12.200000000000001
2016-11-19,31.2
2016-11-20,18.6
2016-11-21,0.2
2016-11-22,23.8
2016-11-23,3.2
2016-11-24,0.0
2016-11-25,13.0
2016-11-26,75.0
2016-11-27,9.0
2016-11-28,3.2
2016-11-29,0.2
2016-11-30,2.0
2016-12-01,0.4
2016-12-02,0.0
2016-12-03,0.4
2016-12-04,1.6
2016-12-05,0.2
2016-12-06,0.4
2016-12-07,15.0
2016-12-08,27.400000000000002
2016-12-09,63.2
2016-12-10,83.6
2016-12-11,0.0
2016-12-12,0.0
2016-12-13,17.400000000000002
2016-12-14,64.0
2016-12-15,111.0
2016-12-16,0.0
2016-12-17,0.4
2016-12-18,0.2
2016-12-19,0.2
2016-12-20,0.0
2016-12-21,0.0
2016-12-22,4.4
2016-12-23,46.6
2016-12-24,0.2
2016-12-25,0.0
2016-12-26,0.2
2016-12-27,0.0
2016-12-28,0.2
2016-12-29,0.0
2016-12-30,0.4
2016-12-31,0.0
2017-01-01,1.6
2017-01-02,14.8
2017-01-03,73.0
2017-01-04,4.0
2017-01-05,0.0
2017-01-06,3.8000000000000003
2017-01-07,42.0
2017-01-08,125.2
2017-01-09,44.4
2017-01-10,179.6
2017-01-11,21.0
2017-01-12,0.0
2017-01-13,0.0
2017-01-14,0.0
2017-01-15,0.0
2017-01-16,0.0
2017-01-17,3.6
2017-01-18,82.60000000000001
2017-01-19,39.4
2017-01-20,68.6
2017-01-21,40.0
2017-01-22,32.2
2017-01-23,13.6
2017-01-24,0.0
2017-01-25,0.2
2017-01-26,0.0
2017-01-27,0.0
2017-01-28,0.2
2017-01-29,0.0
2017-01-30,0.2
2017-01-31,0.2
2017-02-01,1.0
2017-02-02,26.2
2017-02-03,93.2
2017-02-04,26.6
2017-02-05,41.2
2017-02-06,44.0
2017-02-07,101.8
2017-02-08,59.2
2017-02-09,99.8
2017-02-10,5.0
2017-02-11,0.2
2017-02-12,0.0
2017-02-13,0.0
2017-02-14,0.0
2017-02-15,14.8
2017-02-16,68.8
2017-02-17,43.0
2017-02-18,4.4
2017-02-19,18.6
2017-02-20,77.2
2017-02-21,42.2
2017-02-22,6.0
2017-02-23,0.2
2017-02-24,1.6
2017-02-25,1.0
2017-02-26,7.6000000000000005
2017-02-27,1.4
2017-02-28,0.0
2017-03-01,0.0
2017-03-02,0.0
2017-03-03,0.0
2017-03-04,50.800000000000004
2017-03-05,20.0
2017-03-06,25.6
2017-03-07,9.4
2017-03-08,1.4000000000000001
2017-03-09,0.0
2017-03-10,0.0
2017-03-11,0.0
2017-03-12,0.0
2017-03-13,0.0
2017-03-14,0.0
2017-03-15,7.0
2017-03-16,0.2
2017-03-17,0.2
2017-03-18,6.6000000000000005
2017-03-19,1.4000000000000001
2017-03-20,29.8
2017-03-21,47.0
2017-03-22,10.8
2017-03-23,7.2
2017-03-24,46.0
2017-03-25,0.0
2017-03-26,13.200000000000001
2017-03-27,2.6
2017-03-28,0.2
2017-03-29,4.0
2017-03-30,2.6
2017-03-31,0.0
2017-04-01,0.0
2017-04-02,0.0
2017-04-03,0.0
2017-04-04,0.0
2017-04-05,0.0
2017-04-06,34.6
2017-04-07,29.6
2017-04-08,11.0
2017-04-09,14.200000000000001
2017-04-10,0.4
2017-04-11,13.600000000000001
2017-04-12,35.0
2017-04-13,8.4
2017-04-14,0.0
2017-04-15,0.0
2017-04-16,7.800000000000001
2017-04-17,29.6
2017-04-18,6.4
2017-04-19,22.0
2017-04-20,1.8
2017-04-21,0.0
2017-04-22,3.8000000000000003
2017-04-23,1.8
2017-04-24,14.8
2017-04-25,2.6
2017-04-26,4.0
2017-04-27,0.0
2017-04-28,0.0
2017-04-29,0.0
2017-04-30,0.0
2017-05-01,0.0
2017-05-02,0.0
2017-05-03,0.0
2017-05-04,0.0
2017-05-05,0.0
2017-05-06,0.0
2017-05-07,0.0
2017-05-08,0.0
2017-05-09,0.0
2017-05-10,0.0
2017-05-11,4.4
2017-05-12,0.4
2017-05-13,0.0
2017-05-14,0.2
2017-05-15,0.0
2017-05-16,4.6000000000000005
2017-05-17,0.0
2017-05-18,0.0
2017-05-19,0.0
2017-05-20,0.0
2017-05-21,0.0
2017-05-22,0.0
2017-05-23,0.0
2017-05-24,0.0
2017-05-25,0.0
2017-05-26,0.0
2017-05-27,0.0
2017-05-28,0.0
2017-05-29,0.0
2017-05-30,0.0
2017-05-31,0.0
2017-06-01,0.0
2017-06-02,0.0
2017-06-03,0.0
2017-06-04,0.0
2017-06-05,0.0
2017-06-06,0.0
2017-06-07,6.4
2017-06-08,13.0
2017-06-09,0.2
2017-06-10,2.0
2017-06-11,0.0
2017-06-12,0.0
2017-06-13,0.0
2017-06-14,0.0
2017-06-15,0.0
2017-06-16,0.0
2017-06-17,0.0
2017-06-18,0.0
2017-06-19,0.0
2017-06-20,0.0
2017-06-21,0.0
2017-06-22,0.0
2017-06-23,0.0
2017-06-24,0.0
2017-06-25,0.0
2017-06-26,0.0
2017-06-27,0.0
2017-06-28,0.0
2017-06-29,0.0
2017-06-30,0.0
2017-07-01,0.0
2017-07-02,0.0
2017-07-03,0.0
2017-07-04,0.0
2017-07-05,0.0
2017-07-06,0.0
2017-07-07,0.0
2017-07-08,0.0
2017-07-09,0.0
2017-07-10,0.0
2017-07-11,0.0
2017-07-12,0.0
2017-07-13,0.0
2017-07-14,0.0
2017-07-15,0.0
2017-07-16,0.0
2017-07-17,0.0
2017-07-18,0.0
2017-07-19,0.0
2017-07-20,0.0
2017-07-21,0.0
2017-07-22,0.0
2017-07-23,0.0
2017-07-24,0.0
2017-07-25,0.0
2017-07-26,0.0
2017-07-27,0.0
2017-07-28,0.0
2017-07-29,0.0
2017-07-30,0.0
2017-07-31,0.0
2017-08-01,0.0
2017-08-02,0.0
2017-08-03,0.0
2017-08-04,0.0
2017-08-05,0.0
2017-08-06,0.0
2017-08-07,0.0
2017-08-08,0.0
2017-08-09,0.0
2017-08-10,0.0
2017-08-11,0.0
2017-08-12,0.0
2017-08-13,0.0
2017-08-14,0.0
2017-08-15,0.0
2017-08-16,0.0
2017-08-17,0.0
2017-08-18,0.0
2017-08-19,0.0
2017-08-20,0.0
2017-08-21,0.0
2017-08-22,0.0
2017-08-23,0.0
2017-08-24,0.0
2017-08-25,0.0
2017-08-26,0.0
2017-08-27,0.0
2017-08-28,0.0
2017-08-29,0.0
2017-08-30,0.0
2017-08-31,0.0
2017-09-01,0.0
2017-09-02,0.0
2017-09-03,0.0
2017-09-04,0.0
2017-09-05,0.0
2017-09-06,0.0
2017-09-07,0.0
2017-09-08,0.0
2017-09-09,0.0
2017-09-10,0.0
2017-09-11,0.0
2017-09-12,0.0
2017-09-13,0.0
2017-09-14,0.0
2017-09-15,0.0
2017-09-16,0.0
2017-09-17,0.0
2017-09-18,0.4
2017-09-19,0.0
2017-09-20,9.8
2017-09-21,0.2
2017-09-22,0.0
2017-09-23,0.0
2017-09-24,0.0
2017-09-25,0.0
2017-09-26,0.0
2017-09-27,0.0
2017-09-28,0.0
2017-09-29,0.0
2017-09-30,0.0
2017-10-01,0.0
2017-10-02,0.0
2017-10-03,0.0
2017-10-04,0.0
2017-10-05,0.0
2017-10-06,0.0
2017-10-07,0.0
2017-10-08,0.0
2017-10-09,0.0
2017-10-10,0.0
2017-10-11,0.0
2017-10-12,0.0
2017-10-13,0.0
2017-10-14,0.0
2017-10-15,0.0
2017-10-16,0.0
2017-10-17,0.0
2017-10-18,0.0
2017-10-19,32.6
2017-10-20,3.0
2017-10-21,9.8
2017-10-22,0.4
2017-10-23,0.0
2017-10-24,0.2
2017-10-25,0.0
2017-10-26,0.2
2017-10-27,0.0
2017-10-28,0.2
2017-10-29,0.0
2017-10-30,0.0
2017-10-31,0.0
2017-11-01,0.0
2017-11-02,2.0
2017-11-03,21.8
2017-11-04,0.2
2017-11-05,5.4
2017-11-06,0.0
2017-11-07,0.2
2017-11-08,41.2
2017-11-09,24.0
2017-11-10,37.0
2017-11-11,0.0
2017-11-12,9.200000000000001
2017-11-13,18.400000000000002
2017-11-14,1.8
2017-11-15,55.800000000000004
2017-11-16,20.6
2017-11-17,1.6
2017-11-18,0.0
2017-11-19,4.0
2017-11-20,97.0
2017-11-21,0.4
2017-11-22,0.2
2017-11-23,3.6
2017-11-24,0.8
2017-11-25,0.0
2017-11-26,61.6
2017-11-27,6.8
2017-11-28,0.2
2017-11-29,0.0
2017-11-30,0.0
2017-12-01,0.2
2017-12-02,9.200000000000001
2017-12-03,4.6
2017-12-04,0.2
2017-12-05,0.2
2017-12-06,0.2
2017-12-07,0.0
2017-12-08,0.0
2017-12-09,0.6000000000000001
2017-12-10,0.2
2017-12-11,0.2
2017-12-12,0.0
2017-12-13,0.2
2017-12-14,0.2
2017-12-15,0.0
2017-12-16,0.0
2017-12-17,0.2
2017-12-18,0.2
2017-12-19,17.8
2017-12-20,0.4
2017-12-21,0.4
2017-12-22,0.0
2017-12-23,0.0
2017-12-24,0.0
2017-12-25,0.0
2017-12-26,0.0
2017-12-27,0.2
2017-12-28,0.2
2017-12-29,0.2
2017-12-30,0.0
2017-12-31,0.2
2018-01-01,0.2
2018-01-02,0.0
2018-01-03,3.0
2018-01-04,4.0
2018-01-05,27.6
2018-01-06,0.0
2018-01-07,0.2
2018-01-08,62.800000000000004
2018-01-09,6.8
2018-01-10,2.8000000000000003
2018-01-11,12.0
2018-01-12,0.2
2018-01-13,0.0
2018-01-14,0.0
2018-01-15,29.4
2018-01-16,2.8000000000000003
2018-01-17,0.6000000000000001
2018-01-18,44.4
2018-01-19,6.8
2018-01-20,0.2
2018-01-21,107.2
2018-01-22,0.6000000000000001
2018-01-23,0.0
2018-01-24,51.2
2018-01-25,38.800000000000004
2018-01-26,1.0
2018-01-27,7.4
2018-01-28,0.0
2018-01-29,0.0
2018-01-30,0.0
2018-01-31,0.0
2018-02-01,0.2
2018-02-02,0.0
2018-02-03,0.2
2018-02-04,0.2
2018-02-05,0.0
2018-02-06,0.0
2018-02-07,0.2
2018-02-08,0.0
2018-02-09,0.2
2018-02-10,0.0
2018-02-11,2.4
2018-02-12,0.4
2018-02-13,0.0
2018-02-14,0.0
2018-02-15,0.2
2018-02-16,0.2
2018-02-17,0.2
2018-02-18,4.4
2018-02-19,1.2
2018-02-20,0.0
2018-02-21,0.2
2018-02-22,6.2
2018-02-23,0.2
2018-02-24,2.8000000000000003
2018-02-25,2.6
2018-02-26,13.8
2018-02-27,0.0
2018-02-28,29.8
2018-03-01,68.0
2018-03-02,19.400000000000002
2018-03-03,36.0
2018-03-04,0.6000000000000001
2018-03-05,0.0
2018-03-06,0.0
2018-03-07,17.2
2018-03-08,1.2000000000000002
2018-03-09,9.0
2018-03-10,0.0
2018-03-11,0.0
2018-03-12,2.0
2018-03-13,42.8
2018-03-14,10.4
2018-03-15,45.4
2018-03-16,12.8
2018-03-17,7.800000000000001
2018-03-18,0.2
2018-03-19,0.0
2018-03-20,11.4
2018-03-21,22.8
2018-03-22,9.200000000000001
2018-03-23,28.0
2018-03-24,16.2
2018-03-25,15.6
2018-03-26,0.4
2018-03-27,0.0
2018-03-28,0.0
2018-03-29,0.0
2018-03-30,0.0
2018-03-31,0.0
2018-04-01,0.0
2018-04-02,0.0
2018-04-03,0.0
2018-04-04,0.0
2018-04-05,43.800000000000004
2018-04-06,126.4
2018-04-07,33.2
2018-04-08,2.2
2018-04-09,0.0
2018-04-10,3.4000000000000004
2018-04-11,32.6
2018-04-12,1.6
2018-04-13,0.0
2018-04-14,0.0
2018-04-15,18.400000000000002
2018-04-16,10.4
2018-04-17,0.2
2018-04-18,0.0
2018-04-19,0.0
2018-04-20,0.0
2018-04-21,0.0
2018-04-22,0.0
2018-04-23,0.0
2018-04-24,0.0
2018-04-25,0.0
2018-04-26,0.0
2018-04-27,4.8
2018-04-28,9.8
2018-04-29,1.2000000000000002
2018-04-30,0.2
2018-05-01,0.0
2018-05-02,0.0
2018-05-03,0.0
2018-05-04,0.0
2018-05-05,0.0
2018-05-06,0.0
2018-05-07,0.0
2018-05-08,0.0
2018-05-09,0.0
2018-05-10,0.0
2018-05-11,0.0
2018-05-12,0.0
2018-05-13,0.0
2018-05-14,0.0
2018-05-15,0.0
2018-05-16,0.2
2018-05-17,0.0
2018-05-18,0.0
2018-05-19,0.0
2018-05-20,0.0
2018-05-21,0.0
2018-05-22,0.0
2018-05-23,0.0
2018-05-24,0.0
2018-05-25,9.4
2018-05-26,0.2
2018-05-27,0.0
2018-05-28,0.0
2018-05-29,0.0
2018-05-30,0.0
2018-05-31,0.0
2018-06-01,0.0
2018-06-02,0.0
2018-06-03,0.0
2018-06-04,0.0
2018-06-05,0.0
2018-06-06,0.0
2018-06-07,0.0
2018-06-08,0.0
2018-06-09,1.4000000000000001
2018-06-10,0.0
2018-06-11,0.0
2018-06-12,0.0
2018-06-13,0.0
2018-06-14,0.0
2018-06-15,0.0
2018-06-16,0.0
2018-06-17,0.0
2018-06-18,0.0
2018-06-19,0.0
2018-06-20,0.0
2018-06-21,0.0
2018-06-22,0.0
2018-06-23,0.0
2018-06-24,0.0
2018-06-25,0.0
2018-06-26,0.0
2018-06-27,0.0
2018-06-28,0.0
2018-06-29,0.0
2018-06-30,0.0
2018-07-01,0.0
2018-07-02,0.0
2018-07-03,0.0
2018-07-04,0.0
2018-07-05,0.0
2018-07-06,0.0
2018-07-07,0.0
2018-07-08,0.0
2018-07-09,0.0
2018-07-10,0.0
2018-07-11,0.0
2018-07-12,0.0
2018-07-13,0.0
2018-07-14,0.0
2018-07-15,0.0
2018-07-16,0.0
2018-07-17,0.0
2018-07-18,0.0
2018-07-19,0.0
2018-07-20,0.0
2018-07-21,0.0
2018-07-22,0.0
2018-07-23,0.0
2018-07-24,0.0
2018-07-25,0.0
2018-07-26,0.0
2018-07-27,0.0
2018-07-28,0.0
2018-07-29,0.0
2018-07-30,0.0
2018-07-31,0.0
2018-08-01,0.0
2018-08-02,0.0
2018-08-03,0.0
2018-08-04,0.0
2018-08-05,0.0
2018-08-06,0.0
2018-08-07,0.0
2018-08-08,0.0
2018-08-09,0.0
2018-08-10,0.0
2018-08-11,0.0
2018-08-12,0.0
2018-08-13,0.0
2018-08-14,0.0
2018-08-15,0.0
2018-08-16,0.0
2018-08-17,0.0
2018-08-18,0.0
2018-08-19,0.0
2018-08-20,0.0
2018-08-21,0.0
2018-08-22,0.0
2018-08-23,0.0
2018-08-24,0.0
2018-08-25,0.0
2018-08-26,0.0
2018-08-27,0.0
2018-08-28,0.0
2018-08-29,0.0
2018-08-30,0.0
2018-08-31,0.0
2018-09-01,0.0
2018-09-02,0.0
2018-09-03,0.0
2018-09-04,0.0
2018-09-05,0.0
2018-09-06,0.0
2018-09-07,0.0
2018-09-08,0.0
2018-09-09,0.0
2018-09-10,0.0
2018-09-11,0.0
2018-09-12,0.0
2018-09-13,0.0
2018-09-14,0.0
2018-09-15,0.0
2018-09-16,0.0
2018-09-17,0.0
2018-09-18,0.0
2018-09-19,0.0
2018-09-20,0.0
2018-09-21,0.0
2018-09-22,0.0
2018-09-23,0.0
2018-09-24,0.0
2018-09-25,0.0
2018-09-26,0.0
2018-09-27,0.0
2018-09-28,0.0
2018-09-29,5.0
2018-09-30,1.8
2018-10-01,11.6
2018-10-02,4.2
2018-10-03,5.2
2018-10-04,0.6000000000000001
2018-10-05,2.0
2018-10-06,0.2
2018-10-07,0.2
2018-10-08,0.0
2018-10-09,0.0
2018-10-10,0.0
2018-10-11,0.0
2018-10-12,0.0
2018-10-13,0.0
2018-10-14,0.0
2018-10-15,0.0
2018-10-16,0.0
2018-10-17,0.0
2018-10-18,0.0
2018-10-19,0.0
2018-10-20,0.0
2018-10-21,0.0
2018-10-22,0.0
2018-10-23,0.0
2018-10-24,0.0
2018-10-25,0.0
2018-10-26,0.0
2018-10-27,0.0
2018-10-28,3.4000000000000004
2018-10-29,0.0
2018-10-30,0.2
2018-10-31,0.0
2018-11-01,0.0
2018-11-02,0.0
2018-11-03,0.2
2018-11-04,0.0
2018-11-05,0.0
2018-11-06,0.2
2018-11-07,0.0
2018-11-08,0.0
2018-11-09,0.0
2018-11-10,0.0
2018-11-11,0.0
2018-11-12,0.0
2018-11-13,0.0
2018-11-14,0.0
2018-11-15,0.0
2018-11-16,0.0
2018-11-17,0.0
2018-11-18,0.0
2018-11-19,0.0
2018-11-20,0.4
2018-11-21,44.4
2018-11-22,61.0
2018-11-23,123.8
2018-11-24,0.2
2018-11-25,0.0
2018-11-26,0.4
2018-11-27,56.2
2018-11-28,21.2
2018-11-29,23.4
2018-11-30,13.8
2018-12-01,21.2
2018-12-02,0.2
2018-12-03,0.0
2018-12-04,0.6000000000000001
2018-12-05,0.8
2018-12-06,0.2
2018-12-07,0.0
2018-12-08,0.4
2018-12-09,20.2
2018-12-10,0.6000000000000001
2018-12-11,3.0
2018-12-12,0.2
2018-12-13,0.4
2018-12-14,20.2
2018-12-15,3.4000000000000004
2018-12-16,57.4
2018-12-17,3.0
2018-12-18,56.4
2018-12-19,0.4
2018-12-20,23.8
2018-12-21,0.4
2018-12-22,0.4
2018-12-23,8.8
2018-12-24,72.4
2018-12-25,0.4
2018-12-26,0.0
2018-12-27,0.4
2018-12-28,0.2
2018-12-29,0.2
2018-12-30,0.2
2018-12-31,0.0
2019-01-01,0.4
2019-01-02,0.0
2019-01-03,0.0
2019-01-04,0.2
2019-01-05,41.800000000000004
2019-01-06,40.2
2019-01-07,1.0
2019-01-08,19.2
2019-01-09,50.800000000000004
2019-01-10,0.4
2019-01-11,2.6
2019-01-12,0.0
2019-01-13,0.2
2019-01-14,0.0
2019-01-15,13.8
2019-01-16,74.4
2019-01-17,23.6
2019-01-18,23.8
2019-01-19,31.8
2019-01-20,81.4
2019-01-21,0.4
2019-01-22,0.0
2019-01-23,0.2
2019-01-24,0.0
2019-01-25,0.0
2019-01-26,0.2
2019-01-27,0.0
2019-01-28,0.0
2019-01-29,0.0
2019-01-30,0.0
2019-01-31,0.0
2019-02-01,9.200000000000001
2019-02-02,11.200000000000001
2019-02-03,30.6
2019-02-04,21.8
2019-02-05,6.0
2019-02-06,0.0
2019-02-07,0.0
2019-02-08,0.2
2019-02-09,41.6
2019-02-10,17.400000000000002
2019-02-11,4.2
2019-02-12,29.6
2019-02-13,79.8
2019-02-14,84.8
2019-02-15,40.0
2019-02-16,35.0
2019-02-17,7.6000000000000005
2019-02-18,0.2
2019-02-19,0.0
2019-02-20,1.4000000000000001
2019-02-21,0.2
2019-02-22,0.2
2019-02-23,0.0
2019-02-24,35.800000000000004
2019-02-25,137.2
2019-02-26,135.4
2019-02-27,27.400000000000002
2019-02-28,0.2
2019-03-01,2.0
2019-03-02,19.6
2019-03-03,7.2
2019-03-04,0.0
2019-03-05,17.2
2019-03-06,31.8
2019-03-07,2.2
2019-03-08,1.8
2019-03-09,21.0
2019-03-10,3.2
2019-03-11,0.2
2019-03-12,1.0
2019-03-13,0.2
2019-03-14,0.0
2019-03-15,0.0
2019-03-16,0.0
2019-03-17,0.0
2019-03-18,0.0
2019-03-19,0.0
2019-03-20,35.2
2019-03-21,0.2
2019-03-22,25.400000000000002
2019-03-23,0.2
2019-03-24,0.0
2019-03-25,41.4
2019-03-26,4.4
2019-03-27,29.2
2019-03-28,43.4
2019-03-29,8.4
2019-03-30,0.2
2019-03-31,0.0
2019-04-01,0.4
2019-04-02,6.800000000000001
2019-04-03,1.8
2019-04-04,5.2
2019-04-05,23.2
2019-04-06,10.4
2019-04-07,23.400000000000002
2019-04-08,60.4
2019-04-09,0.4
2019-04-10,0.0
2019-04-11,0.0
2019-04-12,0.0
2019-04-13,0.0
2019-04-14,0.0
2019-04-15,15.200000000000001
2019-04-16,0.2
2019-04-17,0.0
2019-04-18,0.0
2019-04-19,0.0
2019-04-20,0.0
2019-04-21,0.0
2019-04-22,0.0
2019-04-23,0.0
2019-04-24,0.0
2019-04-25,0.0
2019-04-26,0.0
2019-04-27,0.0
2019-04-28,0.0
2019-04-29,0.0
2019-04-30,0.0
2019-05-01,0.0
2019-05-02,0.0
2019-05-03,0.0
2019-05-04,0.0
2019-05-05,0.0
2019-05-06,0.0
2019-05-07,0.0
2019-05-08,0.0
2019-05-09,0.0
2019-05-10,0.0
2019-05-11,0.0
2019-05-12,0.0
2019-05-13,0.0
2019-05-14,0.0
2019-05-15,58.4
2019-05-16,117.60000000000001
2019-05-17,5.2
2019-05-18,39.0
2019-05-19,13.200000000000001
2019-05-20,12.200000000000001
2019-05-21,49.2
2019-05-22,0.2
2019-05-23,0.0
2019-05-24,0.0
2019-05-25,0.0
2019-05-26,0.6000000000000001
2019-05-27,0.0
2019-05-28,0.0
2019-05-29,0.0
2019-05-30,0.0
2019-05-31,0.0
2019-06-01,0.0
2019-06-02,0.0
2019-06-03,0.0
2019-06-04,0.0
2019-06-05,0.0
2019-06-06,0.0
2019-06-07,0.0
2019-06-08,0.0
2019-06-09,0.0
2019-06-10,0.0
2019-06-11,0.0
2019-06-12,0.0
2019-06-13,0.0
2019-06-14,0.0
2019-06-15,0.0
2019-06-16,0.0
2019-06-17,0.0
2019-06-18,0.0
2019-06-19,0.0
2019-06-20,0.0
2019-06-21,0.0
2019-06-22,0.0
2019-06-23,0.0
2019-06-24,0.0
2019-06-25,0.0
2019-06-26,0.2
2019-06-27,0.0
2019-06-28,0.0
2019-06-29,0.0
2019-06-30,0.0
2019-07-01,0.0
2019-07-02,0.0
2019-07-03,0.0
2019-07-04,0.0
2019-07-05,0.0
2019-07-06,0.0
2019-07-07,0.0
2019-07-08,0.0
2019-07-09,0.0
2019-07-10,0.0
2019-07-11,0.0
2019-07-12,0.0
2019-07-13,0.0
2019-07-14,0.0
2019-07-15,0.0
2019-07-16,0.0
2019-07-17,0.0
2019-07-18,0.0
2019-07-19,0.0
2019-07-20,0.0
2019-07-21,0.0
2019-07-22,0.0
2019-07-23,0.0
2019-07-24,0.0
2019-07-25,0.0
2019-07-26,0.0
2019-07-27,0.0
2019-07-28,0.0
2019-07-29,0.0
2019-07-30,0.0
2019-07-31,0.0
2019-08-01,0.0
2019-08-02,0.0
2019-08-03,0.0
2019-08-04,0.0
2019-08-05,0.0
2019-08-06,0.0
2019-08-07,0.0
2019-08-08,0.0
2019-08-09,0.8
2019-08-10,0.2
2019-08-11,0.0
2019-08-12,0.0
2019-08-13,0.0
2019-08-14,0.0
2019-08-15,0.0
2019-08-16,0.0
2019-08-17,0.0
2019-08-18,0.0
2019-08-19,0.0
2019-08-20,0.0
2019-08-21,0.0
2019-08-22,0.0
2019-08-23,0.0
2019-08-24,0.0
2019-08-25,0.0
2019-08-26,0.0
2019-08-27,0.0
2019-08-28,0.0
2019-08-29,0.0
2019-08-30,0.0
2019-08-31,0.0
2019-09-01,0.0
2019-09-02,0.0
2019-09-03,0.0
2019-09-04,0.0
2019-09-05,0.0
2019-09-06,0.0
2019-09-07,0.0
2019-09-08,0.0
2019-09-09,0.0
2019-09-10,0.0
2019-09-11,0.0
2019-09-12,0.0
2019-09-13,0.0
2019-09-14,0.0
2019-09-15,5.8
2019-09-16,1.6
2019-09-17,8.4
2019-09-18,3.2
2019-09-19,0.0
2019-09-20,0.0
2019-09-21,0.0
2019-09-22,0.0
2019-09-23,0.0
2019-09-24,0.0
2019-09-25,0.0
2019-09-26,0.0
2019-09-27,0.0
2019-09-28,0.0
2019-09-29,17.2
2019-09-30,0.2
2019-10-01,0.0
2019-10-02,0.0
2019-10-03,0.0
2019-10-04,0.0
2019-10-05,0.0
2019-10-06,0.0
2019-10-07,0.0
2019-10-08,0.0
2019-10-09,0.0
2019-10-10,0.0
2019-10-11,0.0
2019-10-12,0.0
2019-10-13,0.0
2019-10-14,0.0
2019-10-15,0.0
2019-10-16,6.2
2019-10-17,0.0
2019-10-18,2.0
2019-10-19,6.6000000000000005
2019-10-20,0.0
2019-10-21,0.0
2019-10-22,0.2
2019-10-23,0.0
2019-10-24,0.0
2019-10-25,0.0
2019-10-26,0.0
2019-10-27,0.0
2019-10-28,0.0
2019-10-29,0.0
2019-10-30,0.0
2019-10-31,0.0
2019-11-01,0.0
2019-11-02,0.0
2019-11-03,0.0
2019-11-04,0.0
2019-11-05,0.0
2019-11-06,0.0
2019-11-07,0.0
2019-11-08,0.0
2019-11-09,0.0
2019-11-10,0.0
2019-11-11,0.0
2019-11-12,0.0
2019-11-13,0.0
2019-11-14,0.0
2019-11-15,1.4000000000000001
2019-11-16,0.0
2019-11-17,0.2
2019-11-18,0.0
2019-11-19,0.4
2019-11-20,0.0
2019-11-21,0.0
2019-11-22,0.0
2019-11-23,0.0
2019-11-24,0.2
2019-11-25,0.2
2019-11-26,55.0
2019-11-27,16.4
2019-11-28,0.2
2019-11-29,0.0
2019-11-30,9.8
2019-12-01,8.200000000000001
2019-12-02,3.6
2019-12-03,1.2000000000000002
2019-12-04,0.8
2019-12-05,0.0
2019-12-06,42.4
2019-12-07,88.8
2019-12-08,7.2
2019-12-09,0.0
2019-12-10,9.0
2019-12-11,19.2
2019-12-12,3.0
2019-12-13,41.0
2019-12-14,12.8
2019-12-15,0.8
2019-12-16,0.0
2019-12-17,0.2
2019-12-18,5.0
2019-12-19,32.4
2019-12-20,2.2
2019-12-21,0.2
2019-12-22,28.2
2019-12-23,0.2
2019-12-24,2.0
2019-12-25,5.2
2019-12-26,0.2
2019-12-27,0.4
2019-12-28,0.0
2019-12-29,24.8
2019-12-30,0.2
2019-12-31,0.0
2020-01-01,0.8
2020-01-02,0.2
2020-01-03,0.2
2020-01-04,14.200000000000001
2020-01-05,0.8
2020-01-06,0.2
2020-01-07,16.0
2020-01-08,6.0
2020-01-09,11.600000000000001
2020-01-10,4.0
2020-01-11,2.8000000000000003
2020-01-12,11.8
2020-01-13,34.800000000000004
2020-01-14,13.4
2020-01-15,7.800000000000001
2020-01-16,52.6
2020-01-17,0.2
2020-01-18,0.0
2020-01-19,0.0
2020-01-20,0.0
2020-01-21,33.0
2020-01-22,0.0
2020-01-23,2.6
2020-01-24,17.0
2020-01-25,53.0
2020-01-26,19.400000000000002
2020-01-27,15.4
2020-01-28,14.0
2020-01-29,0.2
2020-01-30,1.8
2020-01-31,0.0
2020-02-01,0.2
2020-02-02,1.4000000000000001
2020-02-03,0.2
2020-02-04,0.0
2020-02-05,0.0
2020-02-06,0.2
2020-02-07,0.0
2020-02-08,0.0
2020-02-09,0.0
2020-02-10,0.0
2020-02-11,0.2
2020-02-12,0.0
2020-02-13,0.0
2020-02-14,0.0
2020-02-15,0.0
2020-02-16,0.2
2020-02-17,0.2
2020-02-18,0.0
2020-02-19,0.0
2020-02-20,0.0
2020-02-21,0.0
2020-02-22,0.0
2020-02-23,0.2
2020-02-24,0.0
2020-02-25,0.0
2020-02-26,0.0
2020-02-27,0.0
2020-02-28,0.0
2020-02-29,0.0
2020-03-01,0.0
2020-03-02,0.0
2020-03-03,0.0
2020-03-04,0.0
2020-03-05,0.0
2020-03-06,0.2
2020-03-07,3.6
2020-03-08,0.0
2020-03-09,0.0
2020-03-10,0.0
2020-03-11,0.0
2020-03-12,0.0
2020-03-13,5.6000000000000005
2020-03-14,13.200000000000001
2020-03-15,18.6
2020-03-16,2.0
2020-03-17,8.0
2020-03-18,4.0
2020-03-19,0.0
2020-03-20,0.4
2020-03-21,0.0
2020-03-22,0.0
2020-03-23,3.6
2020-03-24,15.200000000000001
2020-03-25,0.0
2020-03-26,0.2
2020-03-27,0.0
2020-03-28,4.0
2020-03-29,2.0
2020-03-30,16.8
2020-03-31,5.4
2020-04-01,0.0
2020-04-02,0.0
2020-04-03,0.0
2020-04-04,45.2
2020-04-05,32.0
2020-04-06,0.2
2020-04-07,0.0
2020-04-08,0.0
2020-04-09,0.0
2020-04-10,0.0
2020-04-11,0.0
2020-04-12,0.0
2020-04-13,0.0
2020-04-14,0.0
2020-04-15,0.0
2020-04-16,0.0
2020-04-17,0.0
2020-04-18,0.0
2020-04-19,0.0
2020-04-20,0.0
2020-04-21,0.0
2020-04-22,0.0
2020-04-23,0.0
2020-04-24,0.0
2020-04-25,0.0
2020-04-26,0.0
2020-04-27,0.0
2020-04-28,0.0
2020-04-29,0.0
2020-04-30,0.0
2020-05-01,0.0
2020-05-02,14.4
2020-05-03,0.0
2020-05-04,0.0
2020-05-05,0.0
2020-05-06,0.0
2020-05-07,0.0
2020-05-08,0.0
2020-05-09,0.0
2020-05-10,0.0
2020-05-11,9.4
2020-05-12,28.400000000000002
2020-05-13,10.2
2020-05-14,4.4
2020-05-15,0.2
2020-05-16,26.2
2020-05-17,33.0
2020-05-18,21.400000000000002
2020-05-19,0.2
2020-05-20,0.0
2020-05-21,0.0
2020-05-22,0.0
2020-05-23,0.0
2020-05-24,0.0
2020-05-25,0.0
2020-05-26,0.0
2020-05-27,0.0
2020-05-28,0.0
2020-05-29,0.0
2020-05-30,6.800000000000001
2020-05-31,0.2
2020-06-01,0.0
2020-06-02,0.0
2020-06-03,0.0
2020-06-04,0.0
2020-06-05,0.0
2020-06-06,0.0
2020-06-07,1.6
2020-06-08,0.0
2020-06-09,0.0
2020-06-10,0.0
2020-06-11,0.0
2020-06-12,0.4
2020-06-13,0.0
2020-06-14,0.0
2020-06-15,0.0
2020-06-16,0.0
2020-06-17,0.0
2020-06-18,0.0
2020-06-19,0.0
2020-06-20,0.0
2020-06-21,0.0
2020-06-22,0.0
2020-06-23,0.0
2020-06-24,0.0
2020-06-25,0.0
2020-06-26,0.0
2020-06-27,0.0
2020-06-28,0.0
2020-06-29,0.0
2020-06-30,0.0
2020-07-01,0.0
2020-07-02,0.0
2020-07-03,0.0
2020-07-04,0.0
2020-07-05,0.0
2020-07-06,0.0
2020-07-07,0.0
2020-07-08,0.0
2020-07-09,0.0
2020-07-10,0.0
2020-07-11,0.0
2020-07-12,0.0
2020-07-13,0.0
2020-07-14,0.0
2020-07-15,0.0
2020-07-16,0.0
2020-07-17,0.0
2020-07-18,0.0
2020-07-19,0.0
2020-07-20,0.0
2020-07-21,0.0
2020-07-22,0.0
2020-07-23,0.0
2020-07-24,0.0
2020-07-25,0.0
2020-07-26,0.0
2020-07-27,0.0
2020-07-28,0.0
2020-07-29,0.0
2020-07-30,0.0
2020-07-31,0.0
2020-08-01,0.0
2020-08-02,0.0
2020-08-03,0.0
2020-08-04,0.0
2020-08-05,0.0
2020-08-06,0.0
2020-08-07,0.0
2020-08-08,0.0
2020-08-09,0.0
2020-08-10,0.0
2020-08-11,0.0
2020-08-12,0.0
2020-08-13,0.0
2020-08-14,0.0
2020-08-15,0.0
2020-08-16,0.2
2020-08-17,0.0
2020-08-18,0.0
2020-08-19,0.0
2020-08-20,0.0
2020-08-21,0.0
2020-08-22,0.0
2020-08-23,0.0
2020-08-24,0.0
2020-08-25,0.0
2020-08-26,0.0
2020-08-27,0.0
2020-08-28,0.0
2020-08-29,0.0
2020-08-30,0.0
2020-08-31,0.0
2020-09-01,0.0
2020-09-02,0.0
2020-09-03,0.0
2020-09-04,0.0
2020-09-05,0.0
2020-09-06,0.0
2020-09-07,0.0
2020-09-08,0.0
2020-09-09,0.0
2020-09-10,0.0
2020-09-11,0.0
2020-09-12,0.0
2020-09-13,0.0
2020-09-14,0.0
2020-09-15,0.0
2020-09-16,0.0
2020-09-17,0.0
2020-09-18,0.0
2020-09-19,0.0
2020-09-20,0.0
2020-09-21,0.0
2020-09-22,0.0
2020-09-23,0.0
2020-09-24,0.6000000000000001
2020-09-25,0.0
2020-09-26,0.0
2020-09-27,0.0
2020-09-28,0.0
2020-09-29,0.0
2020-09-30,0.0
2020-10-01,0.0
2020-10-02,0.0
2020-10-03,0.0
2020-10-04,0.0
2020-10-05,0.0
2020-10-06,0.0
2020-10-07,0.0
2020-10-08,0.0
2020-10-09,0.0
2020-10-10,1.6
2020-10-11,0.0
2020-10-12,0.0
2020-10-13,0.0
2020-10-14,0.0
2020-10-15,0.0
2020-10-16,0.0
2020-10-17,0.0
2020-10-18,0.0
2020-10-19,0.0
2020-10-20,0.0
2020-10-21,0.0
2020-10-22,0.0
2020-10-23,0.0
2020-10-24,0.0
2020-10-25,0.0
2020-10-26,0.0
2020-10-27,0.0
2020-10-28,0.0
2020-10-29,0.0
2020-10-30,0.0
2020-10-31,0.0
2020-11-01,0.0
2020-11-02,0.0
2020-11-03,0.0
2020-11-04,0.0
2020-11-05,0.4
2020-11-06,2.6
2020-11-07,0.2
2020-11-08,0.6000000000000001
2020-11-09,0.0
2020-11-10,0.0
2020-11-11,0.0
2020-11-12,0.0
2020-11-13,44.6
2020-11-14,0.2
2020-11-15,19.6
2020-11-16,0.2
2020-11-17,41.0
2020-11-18,26.400000000000002
2020-11-19,2.0
2020-11-20,0.0
2020-11-21,0.2
2020-11-22,3.4000000000000004
2020-11-23,0.0
2020-11-24,0.4
2020-11-25,1.2000000000000002
2020-11-26,0.2
2020-11-27,0.0
2020-11-28,0.0
2020-11-29,0.2
2020-11-30,0.0
2020-12-01,0.2
2020-12-02,0.0
2020-12-03,0.0
2020-12-04,0.0
2020-12-05,1.6
2020-12-06,0.0
2020-12-07,0.4
2020-12-08,0.0
2020-12-09,0.2
2020-12-10,0.2
2020-12-11,13.4
2020-12-12,2.4000000000000004
2020-12-13,32.6
2020-12-14,0.0
2020-12-15,4.800000000000001
2020-12-16,73.6
2020-12-17,4.0
2020-12-18,0.4
2020-12-19,0.0
2020-12-20,0.2
2020-12-21,4.4
2020-12-22,0.2
2020-12-23,0.2
2020-12-24,0.0
2020-12-25,44.800000000000004
2020-12-26,11.8
2020-12-27,0.0
2020-12-28,0.0
2020-12-29,0.0
2020-12-30,20.6
2020-12-31,0.2
2021-01-01,9.4
2021-01-02,6.800000000000001
2021-01-03,7.800000000000001
2021-01-04,49.4
2021-01-05,0.2
2021-01-06,28.6
2021-01-07,15.2
2021-01-08,11.200000000000001
2021-01-09,0.2
2021-01-10,7.2
2021-01-11,0.0
2021-01-12,64.4
2021-01-13,22.8
2021-01-14,0.2
2021-01-15,0.0
2021-01-16,0.2
2021-01-17,0.2
2021-01-18,0.2
2021-01-19,0.0
2021-01-20,0.2
2021-01-21,1.0
2021-01-22,6.2
2021-01-23,0.2
2021-01-24,8.8
2021-01-25,0.4
2021-01-26,45.6
2021-01-27,21.6
2021-01-28,26.0
2021-01-29,0.2
2021-01-30,1.2000000000000002
2021-01-31,17.2
2021-02-01,42.0
2021-02-02,17.400000000000002
2021-02-03,16.2
2021-02-04,0.0
2021-02-05,0.2
2021-02-06,0.2
2021-02-07,0.0
2021-02-08,0.0
2021-02-09,0.0
2021-02-10,0.0
2021-02-11,50.6
2021-02-12,5.2
2021-02-13,22.400000000000002
2021-02-14,14.600000000000001
2021-02-15,13.200000000000001
2021-02-16,0.0
2021-02-17,0.2
2021-02-18,22.8
2021-02-19,13.0
2021-02-20,13.4
2021-02-21,0.0
2021-02-22,0.0
2021-02-23,0.2
2021-02-24,0.0
2021-02-25,0.0
2021-02-26,0.0
2021-02-27,0.0
2021-02-28,0.0
2021-03-01,0.0
2021-03-02,0.0
2021-03-03,0.0
2021-03-04,0.0
2021-03-05,35.4
2021-03-06,3.2
2021-03-07,0.0
2021-03-08,6.2
2021-03-09,21.400000000000002
2021-03-10,3.8000000000000003
2021-03-11,0.0
2021-03-12,0.0
2021-03-13,0.0
2021-03-14,21.400000000000002
2021-03-15,1.0
2021-03-16,0.2
2021-03-17,1.0
2021-03-18,29.4
2021-03-19,1.2000000000000002
2021-03-20,0.6000000000000001
2021-03-21,0.0
2021-03-22,0.0
2021-03-23,0.0
2021-03-24,0.0
2021-03-25,0.0
2021-03-26,0.0
2021-03-27,0.0
2021-03-28,0.0
2021-03-29,0.0
2021-03-30,0.0
2021-03-31,0.0
2021-04-01,0.0
2021-04-02,0.0
2021-04-03,0.0
2021-04-04,0.0
2021-04-05,0.0
2021-04-06,0.0
2021-04-07,0.0
2021-04-08,0.0
2021-04-09,0.0
2021-04-10,0.0
2021-04-11,0.0
2021-04-12,0.0
2021-04-13,0.0
2021-04-14,0.0
2021-04-15,0.0
2021-04-16,0.0
2021-04-17,0.0
2021-04-18,0.0
2021-04-19,0.0
2021-04-20,0.0
2021-04-21,0.0
2021-04-22,0.0
2021-04-23,0.2
2021-04-24,1.6
2021-04-25,24.2
2021-04-26,0.0
2021-04-27,0.0
2021-04-28,0.0
2021-04-29,0.0
2021-04-30,0.0
2021-05-01,0.0
2021-05-02,0.0
2021-05-03,0.0
2021-05-04,0.0
2021-05-05,0.0
2021-05-06,0.0
2021-05-07,0.0
2021-05-08,0.0
2021-05-09,0.0
2021-05-10,0.0
2021-05-11,0.0
2021-05-12,0.0
2021-05-13,0.0
2021-05-14,0.0
2021-05-15,0.0
2021-05-16,0.0
2021-05-17,0.0
2021-05-18,0.0
2021-05-19,0.0
2021-05-20,0.0
2021-05-21,0.0
2021-05-22,0.0
2021-05-23,0.0
2021-05-24,0.0
2021-05-25,0.2
2021-05-26,0.0
2021-05-27,0.0
2021-05-28,0.0
2021-05-29,0.0
2021-05-30,0.0
2021-05-31,0.0
2021-06-01,0.0
2021-06-02,0.0
2021-06-03,0.0
2021-06-04,0.0
2021-06-05,0.0
2021-06-06,0.0
2021-06-07,0.0
2021-06-08,0.0
2021-06-09,0.0
2021-06-10,0.0
2021-06-11,7.0
2021-06-12,0.2
2021-06-13,1.6
2021-06-14,0.8
2021-06-15,0.0
2021-06-16,0.0
2021-06-17,0.0
2021-06-18,0.0
2021-06-19,0.0
2021-06-20,0.0
2021-06-21,0.0
2021-06-22,0.0
2021-06-23,0.0
2021-06-24,0.0
2021-06-25,0.0
2021-06-26,0.0
2021-06-27,0.0
2021-06-28,0.0
2021-06-29,0.0
2021-06-30,0.0
2021-07-01,0.0
2021-07-02,0.0
2021-07-03,0.0
2021-07-04,0.0
2021-07-05,0.0
2021-07-06,0.0
2021-07-07,0.0
2021-07-08,0.0
2021-07-09,0.0
2021-07-10,0.0
2021-07-11,0.0
2021-07-12,0.0
2021-07-13,0.0
2021-07-14,0.0
2021-07-15,0.0
2021-07-16,0.0
2021-07-17,0.0
2021-07-18,0.0
2021-07-19,0.0
2021-07-20,0.0
2021-07-21,0.0
2021-07-22,0.0
2021-07-23,0.0
2021-07-24,0.0
2021-07-25,0.0
2021-07-26,0.0
2021-07-27,0.2
2021-07-28,0.2
2021-07-29,0.0
2021-07-30,0.0
2021-07-31,0.0
2021-08-01,0.0
2021-08-02,0.0
2021-08-03,0.0
2021-08-04,0.0
2021-08-05,0.0
2021-08-06,0.0
2021-08-07,0.0
2021-08-08,0.0
2021-08-09,0.0
2021-08-10,0.0
2021-08-11,0.0
2021-08-12,0.0
2021-08-13,0.0
2021-08-14,0.0
2021-08-15,0.0
2021-08-16,0.0
2021-08-17,0.0
2021-08-18,0.0
2021-08-19,0.0
2021-08-20,0.0
2021-08-21,0.0
2021-08-22,0.0
2021-08-23,0.0
2021-08-24,0.0
2021-08-25,0.0
2021-08-26,0.0
2021-08-27,0.0
2021-08-28,0.0
2021-08-29,0.0
2021-08-30,0.0
2021-08-31,0.0
2021-09-01,0.0
2021-09-02,0.0
2021-09-03,0.0
2021-09-04,0.0
2021-09-05,0.0
2021-09-06,0.0
2021-09-07,0.0
2021-09-08,0.0
2021-09-09,0.0
2021-09-10,0.0
2021-09-11,0.0
2021-09-12,0.0
2021-09-13,0.0
2021-09-14,0.0
2021-09-15,0.0
2021-09-16,0.0
2021-09-17,0.0
2021-09-18,60.6
2021-09-19,1.2000000000000002
2021-09-20,0.0
2021-09-21,0.0
2021-09-22,0.0
2021-09-23,0.0
2021-09-24,0.0
2021-09-25,0.0
2021-09-26,0.0
2021-09-27,12.4
2021-09-28,0.0
2021-09-29,0.0
2021-09-30,0.0
2021-10-01,0.0
2021-10-02,0.0
2021-10-03,0.0
2021-10-04,0.0
2021-10-05,0.0
2021-10-06,0.0
2021-10-07,0.0
2021-10-08,0.0
2021-10-09,0.0
2021-10-10,0.0
2021-10-11,0.0
2021-10-12,0.0
2021-10-13,0.6000000000000001
2021-10-14,0.0
2021-10-15,0.0
2021-10-16,0.0
2021-10-17,19.8
2021-10-18,0.2
2021-10-19,22.6
2021-10-20,7.2
2021-10-21,137.4
2021-10-22,20.8
2021-10-23,24.400000000000002
2021-10-24,171.4
2021-10-25,7.2
2021-10-26,7.6000000000000005
2021-10-27,4.0
2021-10-28,0.0
2021-10-29,0.0
2021-10-30,1.8
2021-10-31,1.4000000000000001
2021-11-01,24.0
2021-11-02,0.0
2021-11-03,29.0
2021-11-04,28.8
2021-11-05,5.2
2021-11-06,4.2
2021-11-07,0.2
2021-11-08,29.200000000000003
2021-11-09,17.8
2021-11-10,0.0
2021-11-11,0.0
2021-11-12,0.0
2021-11-13,0.0
2021-11-14,0.2
2021-11-15,0.0
2021-11-16,0.2
2021-11-17,0.2
2021-11-18,8.8
2021-11-19,7.4
2021-11-20,0.0
2021-11-21,0.0
2021-11-22,0.2
2021-11-23,0.0
2021-11-24,0.2
2021-11-25,0.0
2021-11-26,0.0
2021-11-27,0.0
2021-11-28,0.0
2021-11-29,0.2
2021-11-30,0.2
2021-12-01,0.2
2021-12-02,0.0
2021-12-03,0.0
2021-12-04,0.2
2021-12-05,0.2
2021-12-06,9.200000000000001
2021-12-07,0.2
2021-12-08,0.0
2021-12-09,0.0
2021-12-10,0.0
2021-12-11,23.8
2021-12-12,26.400000000000002
2021-12-13,82.6
2021-12-14,2.2
2021-12-15,64.4
2021-12-16,8.0
2021-12-17,0.2
2021-12-18,0.0
2021-12-19,0.8
2021-12-20,0.0
2021-12-21,25.6
2021-12-22,46.0
2021-12-23,33.4
2021-12-24,37.0
2021-12-25,36.0
2021-12-26,37.800000000000004
2021-12-27,18.0
2021-12-28,17.400000000000002
2021-12-29,7.4
2021-12-30,0.0
2021-12-31,0.0
2022-01-01,0.2
2022-01-02,0.0
2022-01-03,84.6
2022-01-04,6.0
2022-01-05,4.6000000000000005
2022-01-06,3.0
2022-01-07,20.2
2022-01-08,0.0
2022-01-09,0.2
2022-01-10,0.0
2022-01-11,0.0
2022-01-12,0.0
2022-01-13,0.6000000000000001
2022-01-14,0.0
2022-01-15,0.4
2022-01-16,0.0
2022-01-17,0.0
2022-01-18,0.2
2022-01-19,0.0
2022-01-20,0.2
2022-01-21,0.0
2022-01-22,0.0
2022-01-23,0.0
2022-01-24,0.0
2022-01-25,0.0
2022-01-26,0.2
2022-01-27,0.0
2022-01-28,0.0
2022-01-29,0.0
2022-01-30,0.2
2022-01-31,0.0
2022-02-01,0.0
2022-02-02,0.0
2022-02-03,0.2
2022-02-04,0.0
2022-02-05,0.0
2022-02-06,0.2
2022-02-07,0.0
2022-02-08,0.2
2022-02-09,0.0
2022-02-10,0.0
2022-02-11,0.0
2022-02-12,0.2
2022-02-13,0.0
2022-02-14,0.0
2022-02-15,0.2
2022-02-16,0.0
2022-02-17,0.0
2022-02-18,0.0
2022-02-19,0.0
2022-02-20,0.0
2022-02-21,2.4000000000000004
2022-02-22,0.0
2022-02-23,0.4
2022-02-24,0.0
2022-02-25,0.0
2022-02-26,0.4
2022-02-27,0.0
2022-02-28,0.0
2022-03-01,0.0
2022-03-02,0.0
2022-03-03,0.2
2022-03-04,1.4000000000000001
2022-03-05,0.2
2022-03-06,0.0
2022-03-07,0.0
2022-03-08,0.0
2022-03-09,0.0
2022-03-10,0.0
2022-03-11,0.0
2022-03-12,6.4
2022-03-13,7.6000000000000005
2022-03-14,12.0
2022-03-15,5.2
2022-03-16,0.0
2022-03-17,0.0
2022-03-18,0.0
2022-03-19,4.800000000000001
2022-03-20,0.0
2022-03-21,0.0
2022-03-22,0.0
2022-03-23,0.0
2022-03-24,0.0
2022-03-25,0.0
2022-03-26,0.0
2022-03-27,2.0
2022-03-28,2.8000000000000003
2022-03-29,0.0
2022-03-30,0.0
2022-03-31,0.0
2022-04-01,0.0
2022-04-02,0.0
2022-04-03,0.0
2022-04-04,0.0
2022-04-05,0.0
2022-04-06,0.0
2022-04-07,0.0
2022-04-08,0.0
2022-04-09,0.0
2022-04-10,0.0
2022-04-11,0.0
2022-04-12,0.0
2022-04-13,0.0
2022-04-14,0.0
2022-04-15,0.0
2022-04-16,0.0
2022-04-17,0.0
2022-04-18,0.0
2022-04-19,0.0
2022-04-20,0.0
2022-04-21,0.0
2022-04-22,0.0
2022-04-23,0.0
2022-04-24,0.0
2022-04-25,0.0
2022-04-26,0.0
2022-04-27,0.0
2022-04-28,0.0
2022-04-29,0.0
2022-04-30,0.0
2022-05-01,0.0
2022-05-02,0.0
2022-05-03,0.0
2022-05-04,0.0
2022-05-05,0.0
2022-05-06,0.0
2022-05-07,0.0
2022-05-08,0.0
2022-05-09,359.6
2022-05-10,1.0
2022-05-11,0.2
2022-05-12,0.0
2022-05-13,0.6000000000000001
2022-05-14,0.0
2022-05-15,0.0
2022-05-16,0.0
2022-05-17,0.0
2022-05-18,0.0
2022-05-19,0.0
2022-05-20,0.0
2022-05-21,0.0
2022-05-22,0.0
2022-05-23,0.0
2022-05-24,0.0
2022-05-25,0.0
2022-05-26,0.0
2022-05-27,0.0
2022-05-28,6.800000000000001
2022-05-29,0.0
2022-05-30,0.0
2022-05-31,0.0
2022-06-01,0.0
2022-06-02,0.0
2022-06-03,0.2
2022-06-04,24.0
2022-06-05,17.6
2022-06-06,0.0
2022-06-07,0.0
2022-06-08,0.0
2022-06-09,0.0
2022-06-10,0.0
2022-06-11,0.0
2022-06-12,7.4
2022-06-13,0.0
2022-06-14,0.0
2022-06-15,0.0
2022-06-16,0.0
2022-06-17,0.0
2022-06-18,0.0
2022-06-19,0.0
2022-06-20,0.0
2022-06-21,0.0
2022-06-22,0.0
2022-06-23,0.0
2022-06-24,0.0
2022-06-25,0.0
2022-06-26,0.0
2022-06-27,0.0
2022-06-28,0.0
2022-06-29,0.0
2022-06-30,0.0
2022-07-01,0.0
2022-07-02,0.0
2022-07-03,0.0
2022-07-04,4.2
2022-07-05,3.6
2022-07-06,0.0
2022-07-07,0.0
2022-07-08,0.0
2022-07-09,0.0
2022-07-10,0.0
2022-07-11,0.0
2022-07-12,0.0
2022-07-13,0.0
2022-07-14,0.0
2022-07-15,0.0
2022-07-16,0.0
2022-07-17,0.0
2022-07-18,0.0
2022-07-19,0.0
2022-07-20,0.0
2022-07-21,0.0
2022-07-22,0.0
2022-07-23,0.0
2022-07-24,0.0
2022-07-25,0.0
2022-07-26,0.0
2022-07-27,0.0
2022-07-28,0.0
2022-07-29,0.0
2022-07-30,0.0
2022-07-31,0.0
2022-08-01,0.0
2022-08-02,0.0
2022-08-03,0.0
2022-08-04,0.0
2022-08-05,0.0
2022-08-06,0.0
2022-08-07,0.0
2022-08-08,0.0
2022-08-09,0.0
2022-08-10,0.0
2022-08-11,0.0
2022-08-12,0.0
2022-08-13,0.0
2022-08-14,0.0
2022-08-15,0.0
2022-08-16,0.0
2022-08-17,0.0
2022-08-18,0.0
2022-08-19,0.0
2022-08-20,0.0
2022-08-21,0.0
2022-08-22,0.0
2022-08-23,0.0
2022-08-24,0.0
2022-08-25,0.0
2022-08-26,0.0
2022-08-27,0.0
2022-08-28,0.0
2022-08-29,0.0
2022-08-30,0.0
2022-08-31,0.0
2022-09-01,0.0
2022-09-02,0.0
2022-09-03,0.0
2022-09-04,0.0
2022-09-05,0.0
2022-09-06,0.0
2022-09-07,0.0
2022-09-08,0.0
2022-09-09,0.0
2022-09-10,0.0
2022-09-11,0.0
2022-09-12,0.0
2022-09-13,0.0
2022-09-14,0.0
2022-09-15,0.0
2022-09-16,0.0
2022-09-17,0.6000000000000001
2022-09-18,43.6
2022-09-19,0.4
2022-09-20,4.4
2022-09-21,0.2
2022-09-22,0.0
2022-09-23,0.0
2022-09-24,0.0
2022-09-25,0.0
2022-09-26,0.0
2022-09-27,0.0
2022-09-28,0.0
2022-09-29,0.0
2022-09-30,0.0
2022-10-01,0.0
2022-10-02,0.0
2022-10-03,0.0
2022-10-04,0.0
2022-10-05,0.0
2022-10-06,0.0
2022-10-07,0.0
2022-10-08,0.0
2022-10-09,0.0
2022-10-10,0.0
2022-10-11,0.0
2022-10-12,0.0
2022-10-13,0.0
2022-10-14,0.0
2022-10-15,0.0
2022-10-16,0.0
2022-10-17,0.0
2022-10-18,0.0
2022-10-19,0.0
2022-10-20,0.0
2022-10-21,0.2
2022-10-22,0.6000000000000001
2022-10-23,0.0
2022-10-24,0.0
2022-10-25,0.0
2022-10-26,0.0
2022-10-27,0.0
2022-10-28,0.0
2022-10-29,0.0
2022-10-30,0.0
2022-10-31,0.0
2022-11-01,26.6
2022-11-02,3.6
2022-11-03,0.0
2022-11-04,2.0
2022-11-05,17.8
2022-11-06,32.6
2022-11-07,15.4
2022-11-08,12.0
2022-11-09,0.0
2022-11-10,0.2
2022-11-11,5.2
2022-11-12,2.0
2022-11-13,0.2
2022-11-14,0.0
2022-11-15,0.2
2022-11-16,0.0
2022-11-17,0.2
2022-11-18,0.2
2022-11-19,0.0
2022-11-20,0.2
2022-11-21,0.0
2022-11-22,0.0
2022-11-23,0.2
2022-11-24,0.0
2022-11-25,0.2
2022-11-26,0.0
2022-11-27,0.2
2022-11-28,1.8
2022-11-29,0.2
2022-11-30,22.6
2022-12-01,35.2
2022-12-02,0.0
2022-12-03,4.800000000000001
2022-12-04,22.2
2022-12-05,14.200000000000001
2022-12-06,0.0
2022-12-07,0.0
2022-12-08,25.2
2022-12-09,9.600000000000001
2022-12-10,82.2
2022-12-11,4.6000000000000005
2022-12-12,0.2
2022-12-13,0.0
2022-12-14,0.0
2022-12-15,0.0
2022-12-16,0.4
2022-12-17,0.2
2022-12-18,0.2
2022-12-19,0.2
2022-12-20,0.6000000000000001
2022-12-21,2.2
2022-12-22,4.8
2022-12-23,4.6000000000000005
2022-12-24,1.4000000000000001
2022-12-25,0.0
2022-12-26,66.4
2022-12-27,57.6
2022-12-28,1.2000000000000002
2022-12-29,55.0
2022-12-30,179.6
2022-12-31,2.6
2023-01-01,0.2
2023-01-02,16.6
2023-01-03,0.6000000000000001
2023-01-04,45.2
2023-01-05,57.0
2023-01-06,10.0
2023-01-07,78.60000000000001
2023-01-08,38.6
2023-01-09,49.800000000000004
2023-01-10,57.800000000000004
2023-01-11,38.4
2023-01-12,7.0
2023-01-13,52.6
2023-01-14,59.6
2023-01-15,6.0
2023-01-16,0.0
2023-01-17,0.0
2023-01-18,26.0
2023-01-19,0.0
2023-01-20,0.0
2023-01-21,0.2
2023-01-22,0.2
2023-01-23,0.0
2023-01-24,0.2
2023-01-25,0.0
2023-01-26,0.4
2023-01-27,0.0
2023-01-28,0.0
2023-01-29,0.2
2023-01-30,0.0
2023-01-31,0.0
2023-02-01,0.2
2023-02-02,0.0
2023-02-03,16.6
2023-02-04,38.6
2023-02-05,37.0
2023-02-06,0.0
2023-02-07,0.0
2023-02-08,0.2
2023-02-09,0.0
2023-02-10,5.2
2023-02-11,0.2
2023-02-12,0.2
2023-02-13,0.0
2023-02-14,2.6
2023-02-15,0.2
2023-02-16,0.0
2023-02-17,0.0
2023-02-18,0.0
2023-02-19,0.0
2023-02-20,0.0
2023-02-21,7.4
2023-02-22,4.8
2023-02-23,4.0
2023-02-24,22.8
2023-02-25,0.2
2023-02-26,14.600000000000001
2023-02-27,40.6
2023-02-28,42.4
2023-03-01,4.0
2023-03-02,0.0
2023-03-03,0.2
2023-03-04,29.6
2023-03-05,25.6
2023-03-06,11.6
2023-03-07,30.400000000000002
2023-03-08,16.6
2023-03-09,77.0
2023-03-10,12.600000000000001
2023-03-11,10.4
2023-03-12,83.60000000000001
2023-03-13,34.2
2023-03-14,62.2
2023-03-15,0.4
2023-03-16,0.0
2023-03-17,0.0
2023-03-18,1.8
2023-03-19,16.400000000000002
2023-03-20,1.0
2023-03-21,4.800000000000001
2023-03-22,0.4
2023-03-23,3.6
2023-03-24,1.4000000000000001
2023-03-25,0.0
2023-03-26,0.0
2023-03-27,7.2
2023-03-28,73.4
2023-03-29,5.4
2023-03-30,0.0
2023-03-31,1.8
2023-04-01,10.0
2023-04-02,3.8000000000000003
2023-04-03,0.6000000000000001
2023-04-04,0.2
2023-04-05,0.0
2023-04-06,22.0
2023-04-07,15.600000000000001
2023-04-08,0.0
2023-04-09,0.0
2023-04-10,6.0
2023-04-11,0.6000000000000001
2023-04-12,0.0
2023-04-13,0.0
2023-04-14,0.0
2023-04-15,0.0
2023-04-16,0.0
2023-04-17,16.8
2023-04-18,4.6
2023-04-19,0.2
2023-04-20,0.0
2023-04-21,0.0
2023-04-22,0.0
2023-04-23,0.0
2023-04-24,0.0
2023-04-25,0.0
2023-04-26,0.0
2023-04-27,0.0
2023-04-28,0.0
2023-04-29,0.0
2023-04-30,0.0
2023-05-01,2.0
2023-05-02,3.8000000000000003
2023-05-03,1.2
2023-05-04,0.8
2023-05-05,17.8
2023-05-06,7.800000000000001
2023-05-07,4.0
2023-05-08,15.4
2023-05-09,0.0
2023-05-10,0.0
2023-05-11,0.0
2023-05-12,0.0
2023-05-13,0.0
2023-05-14,0.0
2023-05-15,0.0
2023-05-16,0.0
2023-05-17,0.0
2023-05-18,0.0
2023-05-19,0.0
2023-05-20,0.0
2023-05-21,0.0
2023-05-22,0.0
2023-05-23,0.0
2023-05-24,0.0
2023-05-25,0.0
2023-05-26,0.0
2023-05-27,0.0
2023-05-28,3.0
2023-05-29,0.0
2023-05-30,0.0
2023-05-31,0.0
2023-06-01,0.0
2023-06-02,0.0
2023-06-03,0.0
2023-06-04,0.0
2023-06-05,2.2
2023-06-06,2.4
2023-06-07,0.2
2023-06-08,0.0
2023-06-09,0.0
2023-06-10,0.0
2023-06-11,0.0
2023-06-12,0.0
2023-06-13,0.0
2023-06-14,0.0
2023-06-15,0.0
2023-06-16,0.0
2023-06-17,0.0
2023-06-18,0.0
2023-06-19,0.0
2023-06-20,0.0
2023-06-21,0.0
2023-06-22,0.0
2023-06-23,0.0
2023-06-24,0.0
2023-06-25,0.0
2023-06-26,0.0
2023-06-27,0.0
2023-06-28,0.0
2023-06-29,0.0
2023-06-30,0.0
2023-07-01,0.0
2023-07-02,0.0
2023-07-03,0.0
2023-07-04,0.0
2023-07-05,0.0
2023-07-06,0.0
2023-07-07,0.0
2023-07-08,0.0
2023-07-09,0.0
2023-07-10,0.0
2023-07-11,0.0
2023-07-12,0.0
2023-07-13,0.0
2023-07-14,0.0
2023-07-15,0.0
2023-07-16,0.0
2023-07-17,0.0
2023-07-18,0.0
2023-07-19,0.0
2023-07-20,0.0
2023-07-21,0.0
2023-07-22,0.0
2023-07-23,0.0
2023-07-24,0.0
2023-07-25,0.0
2023-07-26,0.0
2023-07-27,0.0
2023-07-28,0.0
2023-07-29,0.0
2023-07-30,0.0
2023-07-31,0.0
2023-08-01,0.0
2023-08-02,0.0
2023-08-03,0.0
2023-08-04,0.0
2023-08-05,0.0
2023-08-06,0.0
2023-08-07,0.0
2023-08-08,0.0
2023-08-09,0.0
2023-08-10,0.0
2023-08-11,0.0
2023-08-12,0.0
2023-08-13,0.0
2023-08-14,0.2
2023-08-15,0.2
2023-08-16,0.0
2023-08-17,0.6000000000000001
2023-08-18,0.0
2023-08-19,0.0
2023-08-20,0.0
2023-08-21,5.6000000000000005
2023-08-22,0.0
2023-08-23,0.0
2023-08-24,0.0
2023-08-25,0.0
2023-08-26,0.0
2023-08-27,0.0
2023-08-28,0.0
2023-08-29,0.0
2023-08-30,0.0
2023-08-31,0.0
2023-09-01,0.0
2023-09-02,1.8
2023-09-03,0.0
2023-09-04,0.0
2023-09-05,0.0
2023-09-06,0.0
2023-09-07,0.0
2023-09-08,0.0
2023-09-09,0.0
2023-09-10,0.0
2023-09-11,0.0
2023-09-12,0.0
2023-09-13,0.0
2023-09-14,0.0
2023-09-15,0.0
2023-09-16,0.0
2023-09-17,0.0
2023-09-18,0.0
2023-09-19,0.0
2023-09-20,0.0
2023-09-21,0.0
2023-09-22,0.0
2023-09-23,0.0
2023-09-24,0.0
2023-09-25,23.200000000000003
2023-09-26,1.4000000000000001
2023-09-27,0.0
2023-09-28,0.0
2023-09-29,1.2000000000000002
2023-09-30,0.2
2023-10-01,0.0
2023-10-02,0.0
2023-10-03,0.0
2023-10-04,0.0
2023-10-05,0.0
2023-10-06,0.0
2023-10-07,0.0
2023-10-08,0.0
2023-10-09,12.200000000000001
2023-10-10,12.200000000000001
2023-10-11,0.2
2023-10-12,0.2
2023-10-13,2.0
2023-10-14,0.6000000000000001
2023-10-15,0.0
2023-10-16,5.0
2023-10-17,0.2
2023-10-18,0.0
2023-10-19,0.0
2023-10-20,0.0
2023-10-21,0.0
2023-10-22,10.8
2023-10-23,0.0
2023-10-24,0.2
2023-10-25,3.8000000000000003
2023-10-26,0.2
2023-10-27,0.0
2023-10-28,0.0
2023-10-29,0.0
2023-10-30,0.0
2023-10-31,0.2
2023-11-01,0.0
2023-11-02,3.0
2023-11-03,0.2
2023-11-04,3.6
2023-11-05,12.0
2023-11-06,31.8
2023-11-07,0.0
2023-11-08,0.4
2023-11-09,0.0
2023-11-10,0.8
2023-11-11,0.2
2023-11-12,0.0
2023-11-13,0.0
2023-11-14,17.400000000000002
2023-11-15,1.2000000000000002
2023-11-16,0.2
2023-11-17,4.0
2023-11-18,43.2
2023-11-19,0.0
2023-11-20,0.2
2023-11-21,0.2
2023-11-22,0.0
2023-11-23,0.2
2023-11-24,0.0
2023-11-25,0.4
2023-11-26,0.0
2023-11-27,0.2
2023-11-28,1.8
2023-11-29,4.4
2023-11-30,6.4
2023-12-01,9.6
2023-12-02,43.800000000000004
2023-12-03,17.8
2023-12-04,0.0
2023-12-05,0.0
2023-12-06,34.2
2023-12-07,21.0
2023-12-08,0.4
2023-12-09,0.0
2023-12-10,0.2
2023-12-11,0.0
2023-12-12,0.2
2023-12-13,0.0
2023-12-14,0.0
2023-12-15,0.2
2023-12-16,0.2
2023-12-17,26.0
2023-12-18,56.2
2023-12-19,66.4
2023-12-20,17.6
2023-12-21,0.2
2023-12-22,0.0
2023-12-23,0.2
2023-12-24,0.0
2023-12-25,0.0
2023-12-26,0.0
2023-12-27,30.400000000000002
2023-12-28,1.4000000000000001
2023-12-29,29.0
2023-12-30,19.6
2023-12-31,0.6000000000000001
2024-01-01,0.0
2024-01-02,38.2
2024-01-03,11.0
2024-01-04,1.0
2024-01-05,0.0
2024-01-06,23.2
2024-01-07,0.0
2024-01-08,4.2
2024-01-09,20.4
2024-01-10,89.0
2024-01-11,0.0
2024-01-12,4.2
2024-01-13,160.6
2024-01-14,2.2
2024-01-15,0.2
2024-01-16,33.4
2024-01-17,6.800000000000001
2024-01-18,0.0
2024-01-19,4.800000000000001
2024-01-20,85.4
2024-01-21,31.200000000000003
2024-01-22,6.6000000000000005
2024-01-23,7.4
2024-01-24,20.0
2024-01-25,1.8
2024-01-26,1.0
2024-01-27,9.600000000000001
2024-01-28,0.2
2024-01-29,0.2
2024-01-30,0.0
2024-01-31,105.0
2024-02-01,33.0
2024-02-02,18.400000000000002
2024-02-03,1.4000000000000001
2024-02-04,103.0
2024-02-05,51.0
2024-02-06,0.0
2024-02-07,16.8
2024-02-08,0.2
2024-02-09,0.2
2024-02-10,0.0
2024-02-11,0.0
2024-02-12,0.0
2024-02-13,0.0
2024-02-14,53.2
2024-02-15,17.6
2024-02-16,0.0
2024-02-17,38.2
2024-02-18,23.400000000000002
2024-02-19,61.4
2024-02-20,15.200000000000001
2024-02-21,29.0
2024-02-22,0.0
2024-02-23,0.2
2024-02-24,0.0
2024-02-25,0.0
2024-02-26,0.4
2024-02-27,0.2
2024-02-28,0.0
2024-02-29,67.60000000000001
2024-03-01,63.2
2024-03-02,22.400000000000002
2024-03-03,35.2
2024-03-04,12.0
2024-03-05,93.8
2024-03-06,8.0
2024-03-07,0.4
2024-03-08,0.0
2024-03-09,12.0
2024-03-10,36.0
2024-03-11,11.200000000000001
2024-03-12,9.8
2024-03-13,0.0
2024-03-14,0.0
2024-03-15,0.0
2024-03-16,0.0
2024-03-17,0.0
2024-03-18,0.0
2024-03-19,0.0
2024-03-20,0.0
2024-03-21,0.0
2024-03-22,52.6
2024-03-23,83.60000000000001
2024-03-24,6.800000000000001
2024-03-25,0.0
2024-03-26,0.0
2024-03-27,79.60000000000001
2024-03-28,11.200000000000001
2024-03-29,2.8000000000000003
2024-03-30,2.4
2024-03-31,0.2
2024-04-01,0.0
2024-04-02,0.0
2024-04-03,0.8
2024-04-04,23.6
2024-04-05,0.8
2024-04-06,0.2
2024-04-07,0.2
2024-04-08,0.0
2024-04-09,0.0
2024-04-10,0.0
2024-04-11,0.0
2024-04-12,0.8
2024-04-13,22.400000000000002
2024-04-14,11.4
2024-04-15,0.2
2024-04-16,0.0
2024-04-17,0.0
2024-04-18,0.0
2024-04-19,0.0
2024-04-20,0.0
2024-04-21,0.0
2024-04-22,0.0
2024-04-23,0.0
2024-04-24,0.0
2024-04-25,0.4
2024-04-26,4.2
2024-04-27,0.0
2024-04-28,0.0
2024-04-29,0.0
2024-04-30,0.0
2024-05-01,0.0
2024-05-02,0.0
2024-05-03,0.6000000000000001
2024-05-04,70.8
2024-05-05,0.2
2024-05-06,0.0
2024-05-07,0.0
2024-05-08,0.0
2024-05-09,0.0
2024-05-10,0.0
2024-05-11,0.0
2024-05-12,0.0
2024-05-13,0.0
2024-05-14,0.0
2024-05-15,0.0
2024-05-16,0.0
2024-05-17,0.0
2024-05-18,0.0
2024-05-19,0.0
2024-05-20,0.0
2024-05-21,0.0
2024-05-22,0.0
2024-05-23,0.0
2024-05-24,0.0
2024-05-25,0.0
2024-05-26,0.0
2024-05-27,0.0
2024-05-28,0.0
2024-05-29,0.0
2024-05-30,0.0
2024-05-31,0.0
2024-06-01,0.0
2024-06-02,0.0
2024-06-03,6.4
2024-06-04,0.0
2024-06-05,0.0
2024-06-06,0.0
2024-06-07,0.0
2024-06-08,0.0
2024-06-09,0.0
2024-06-10,0.0
2024-06-11,0.0
2024-06-12,0.0
2024-06-13,0.0
2024-06-14,0.0
2024-06-15,0.0
2024-06-16,0.0
2024-06-17,0.0
2024-06-18,0.0
2024-06-19,0.0
2024-06-20,0.0
2024-06-21,0.0
2024-06-22,0.0
2024-06-23,0.0
2024-06-24,0.0
2024-06-25,0.0
2024-06-26,0.0
2024-06-27,0.0
2024-06-28,0.0
2024-06-29,0.0
2024-06-30,0.0
2024-07-01,0.0
2024-07-02,0.0
2024-07-03,0.0
2024-07-04,0.0
2024-07-05,0.0
2024-07-06,0.0
2024-07-07,0.0
2024-07-08,0.0
2024-07-09,0.0
2024-07-10,0.0
2024-07-11,0.0
2024-07-12,0.0
2024-07-13,0.0
2024-07-14,0.0
2024-07-15,0.0
2024-07-16,0.0
2024-07-17,0.0
2024-07-18,0.0
2024-07-19,0.0
2024-07-20,0.0
2024-07-21,0.0
2024-07-22,0.0
2024-07-23,0.0
2024-07-24,0.0
2024-07-25,0.0
2024-07-26,0.0
2024-07-27,0.0
2024-07-28,0.0
2024-07-29,0.0
2024-07-30,0.0
2024-07-31,0.0
2024-08-01,0.0
2024-08-02,0.0
2024-08-03,0.0
2024-08-04,0.0
2024-08-05,0.0
2024-08-06,0.0
2024-08-07,0.0
2024-08-08,0.0
2024-08-09,0.0
2024-08-10,0.0
2024-08-11,0.0
2024-08-12,0.0
2024-08-13,0.0
2024-08-14,0.0
2024-08-15,0.0
2024-08-16,0.0
2024-08-17,1.6
2024-08-18,0.2
2024-08-19,0.0
2024-08-20,0.0
2024-08-21,0.0
2024-08-22,0.0
2024-08-23,19.6
2024-08-24,18.0
2024-08-25,0.0
2024-08-26,0.0
2024-08-27,0.0
2024-08-28,0.0
2024-08-29,0.0
2024-08-30,0.0
2024-08-31,0.0
2024-09-01,0.0
2024-09-02,0.0
2024-09-03,0.0
2024-09-04,0.0
2024-09-05,0.0
2024-09-06,0.0
2024-09-07,0.0
2024-09-08,0.0
2024-09-09,0.0
2024-09-10,0.0
2024-09-11,0.0
2024-09-12,0.0
2024-09-13,0.0
2024-09-14,0.0
2024-09-15,0.0
2024-09-16,0.0
2024-09-17,0.0
2024-09-18,0.0
2024-09-19,0.0
2024-09-20,0.0
2024-09-21,0.0
2024-09-22,0.0
2024-09-23,0.0
2024-09-24,0.0
2024-09-25,0.0
2024-09-26,0.0
2024-09-27,0.0
2024-09-28,0.0
2024-09-29,0.0
2024-09-30,0.0
2024-10-01,0.0
2024-10-02,0.0
2024-10-03,0.0
2024-10-04,0.0
2024-10-05,0.0
2024-10-06,0.0
2024-10-07,0.0
2024-10-08,0.0
2024-10-09,0.0
2024-10-10,0.0
2024-10-11,0.2
2024-10-12,12.600000000000001
2024-10-13,0.0
2024-10-14,0.0
2024-10-15,0.0
2024-10-16,0.2
2024-10-17,0.0
2024-10-18,0.0
2024-10-19,0.0
2024-10-20,0.0
2024-10-21,0.2
2024-10-22,0.0
2024-10-23,0.0
2024-10-24,0.0
2024-10-25,0.0
2024-10-26,1.8
2024-10-27,18.0
2024-10-28,8.0
2024-10-29,0.2
2024-10-30,17.6
2024-10-31,1.0
2024-11-01,69.0
2024-11-02,1.0
2024-11-03,1.0
2024-11-04,0.0
2024-11-05,0.2
2024-11-06,0.0
2024-11-07,0.0
2024-11-08,0.0
2024-11-09,0.0
2024-11-10,3.0
2024-11-11,30.400000000000002
2024-11-12,0.0
2024-11-13,43.0
2024-11-14,22.8
2024-11-15,0.0
2024-11-16,0.4
2024-11-17,11.200000000000001
2024-11-18,0.4
2024-11-19,11.200000000000001
2024-11-20,181.4
2024-11-21,232.0
2024-11-22,86.0
2024-11-23,14.200000000000001
2024-11-24,41.4
2024-11-25,38.6
2024-11-26,3.6
2024-11-27,0.2
2024-11-28,0.0
2024-11-29,0.4
2024-11-30,0.0
2024-12-01,0.2
2024-12-02,0.0
2024-12-03,0.0
2024-12-04,0.0
2024-12-05,0.2
2024-12-06,0.2
2024-12-07,0.2
2024-12-08,0.4
2024-12-09,0.2
2024-12-10,0.2
2024-12-11,31.400000000000002
2024-12-12,63.6
2024-12-13,84.8
2024-12-14,38.0
2024-12-15,2.0
2024-12-16,27.400000000000002
2024-12-17,0.0
2024-12-18,0.0
2024-12-19,0.2
2024-12-20,0.0
2024-12-21,26.8
2024-12-22,13.200000000000001
2024-12-23,54.2
2024-12-24,47.6
2024-12-25,13.200000000000001
2024-12-26,80.60000000000001
2024-12-27,37.4
2024-12-28,62.0
2024-12-29,93.4
2024-12-30,0.0
2024-12-31,0.0
2025-01-01,30.0
2025-01-02,8.0
2025-01-03,58.4
2025-01-04,1.6
2025-01-05,0.6000000000000001
2025-01-06,1.0
2025-01-07,0.0
2025-01-08,0.2
2025-01-09,0.2
2025-01-10,0.0
2025-01-11,0.2
2025-01-12,0.2
2025-01-13,0.2
2025-01-14,0.0
2025-01-15,0.4
2025-01-16,0.2
2025-01-17,0.0
2025-01-18,0.0
2025-01-19,0.2
2025-01-20,0.0
2025-01-21,0.2
2025-01-22,0.0
2025-01-23,0.2
2025-01-24,0.2
2025-01-25,0.0
2025-01-26,0.0
2025-01-27,0.0
2025-01-28,0.0
2025-01-29,0.2
2025-01-30,0.0
2025-01-31,60.800000000000004
2025-02-01,56.800000000000004
2025-02-02,138.4
2025-02-03,95.2
2025-02-04,33.6
2025-02-05,6.800000000000001
2025-02-06,32.0
2025-02-07,2.8000000000000003
2025-02-08,0.0
2025-02-09,0.2
2025-02-10,0.0
2025-02-11,0.0
2025-02-12,10.4
2025-02-13,150.4
2025-02-14,15.0
2025-02-15,0.2
2025-02-16,22.200000000000003
2025-02-17,6.2
2025-02-18,0.0
2025-02-19,24.8
2025-02-20,0.2
2025-02-21,0.0
2025-02-22,2.2
2025-02-23,1.8
2025-02-24,14.0
2025-02-25,0.4
2025-02-26,0.0
2025-02-27,0.0
2025-02-28,0.2
2025-03-01,12.8
2025-03-02,14.200000000000001
2025-03-03,0.2
2025-03-04,4.6000000000000005
2025-03-05,3.8000000000000003
2025-03-06,0.4
2025-03-07,0.0
2025-03-08,0.0
2025-03-09,0.0
2025-03-10,0.0
2025-03-11,0.0
2025-03-12,48.4
2025-03-13,5.4
2025-03-14,60.0
2025-03-15,13.600000000000001
2025-03-16,82.4
2025-03-17,24.6
2025-03-18,0.0
2025-03-19,26.0
2025-03-20,0.4
2025-03-21,6.800000000000001
2025-03-22,3.2
2025-03-23,0.0
2025-03-24,0.0
2025-03-25,0.0
2025-03-26,5.2
2025-03-27,56.0
2025-03-28,20.0
2025-03-29,0.4
2025-03-30,26.200000000000003
2025-03-31,41.0
2025-04-01,35.2
2025-04-02,0.2
2025-04-03,0.0
2025-04-04,0.0
2025-04-05,0.0
2025-04-06,25.6
2025-04-07,11.4
2025-04-08,0.2
2025-04-09,0.0
2025-04-10,0.0
2025-04-11,0.0
2025-04-12,0.0
2025-04-13,0.0
2025-04-14,0.0
2025-04-15,0.0
2025-04-16,0.0
2025-04-17,0.0
2025-04-18,0.0
2025-04-19,0.0
2025-04-20,0.0
2025-04-21,0.0
2025-04-22,0.0
2025-04-23,0.0
2025-04-24,0.0
2025-04-25,3.6
2025-04-26,2.4000000000000004
2025-04-27,0.0
2025-04-28,0.0
2025-04-29,0.0
2025-04-30,0.0
2025-05-01,0.0
2025-05-02,0.0
2025-05-03,0.0
2025-05-04,0.0
2025-05-05,0.0
2025-05-06,0.0
2025-05-07,0.0
2025-05-08,0.0
2025-05-09,0.0
2025-05-10,0.0
2025-05-11,6.6000000000000005
2025-05-12,32.8
2025-05-13,0.2
2025-05-14,0.0
2025-05-15,0.0
2025-05-16,0.0
2025-05-17,0.0
2025-05-18,0.0
2025-05-19,0.0
2025-05-20,0.0
2025-05-21,0.0
2025-05-22,0.0
2025-05-23,0.0
2025-05-24,0.0
2025-05-25,0.0
2025-05-26,0.0
2025-05-27,0.0
2025-05-28,0.0
2025-05-29,0.0
2025-05-30,0.0
2025-05-31,0.0
2025-06-01,0.0
2025-06-02,0.0
2025-06-03,0.0
2025-06-04,0.0
2025-06-05,0.0
2025-06-06,0.0
2025-06-07,0.0
2025-06-08,0.0
2025-06-09,0.0
2025-06-10,0.0
2025-06-11,0.0
2025-06-12,0.0
2025-06-13,0.0
2025-06-14,0.0
2025-06-15,0.0
2025-06-16,0.0
2025-06-17,0.0
2025-06-18,0.0
2025-06-19,0.0
2025-06-20,0.0
2025-06-21,0.0
2025-06-22,0.0
2025-06-23,0.0
2025-06-24,0.0
2025-06-25,0.0
2025-06-26,0.0
2025-06-27,0.0
2025-06-28,0.0
2025-06-29,0.0
2025-06-30,0.0
2025-07-01,0.0
2025-07-02,0.0
2025-07-03,0.0
2025-07-04,0.0
2025-07-05,0.0
2025-07-06,0.0
2025-07-07,0.0
2025-07-08,0.0
2025-07-09,0.0
2025-07-10,0.0
2025-07-11,0.0
2025-07-12,0.0
2025-07-13,0.0
2025-07-14,0.0
2025-07-15,0.0
2025-07-16,0.0
2025-07-17,0.0
2025-07-18,0.0
2025-07-19,0.0
2025-07-20,0.0
2025-07-21,0.0
2025-07-22,0.0
2025-07-23,0.0
2025-07-24,0.0
2025-07-25,0.0
2025-07-26,0.0
2025-07-27,0.0
2025-07-28,0.0
2025-07-29,0.0
2025-07-30,0.0
2025-07-31,0.0
2025-08-01,0.0
2025-08-02,0.0
2025-08-03,0.0
2025-08-04,0.0
2025-08-05,0.0
2025-08-06,0.0
2025-08-07,0.0
2025-08-08,0.0
2025-08-09,0.0
2025-08-10,0.0
2025-08-11,0.0
2025-08-12,0.0
2025-08-13,0.0
2025-08-14,0.0
2025-08-15,0.0
2025-08-16,0.0
2025-08-17,0.0
2025-08-18,0.0
2025-08-19,0.0
2025-08-20,0.0
2025-08-21,0.0
2025-08-22,0.0
2025-08-23,0.0
2025-08-24,0.0
2025-08-25,0.0
2025-08-26,0.0
2025-08-27,0.0
2025-08-28,0.0
2025-08-29,0.0
2025-08-30,0.0
2025-08-31,0.0
2025-09-01,0.0
2025-09-02,0.0
2025-09-03,0.0
2025-09-04,0.0
2025-09-05,0.0
2025-09-06,0.0
2025-09-07,0.0
2025-09-08,6.2
2025-09-09,6.2
2025-09-10,0.4
2025-09-11,0.0
2025-09-12,0.0
2025-09-13,0.0
2025-09-14,0.0
2025-09-15,0.0
2025-09-16,0.0
2025-09-17,0.0
2025-09-18,0.0
2025-09-19,1.4000000000000001
2025-09-20,0.0
2025-09-21,0.0
2025-09-22,0.0
2025-09-23,0.0
2025-09-24,0.0
2025-09-25,0.0
2025-09-26,0.0
2025-09-27,0.0
2025-09-28,0.0
2025-09-29,33.2
2025-09-30,11.0
2025-10-01,12.6
2025-10-02,2.8
2025-10-03,0.2
2025-10-04,0.0
2025-10-05,0.0
2025-10-06,0.0
2025-10-07,0.0
2025-10-08,0.0
2025-10-09,0.0
2025-10-10,23.2
2025-10-11,0.2
2025-10-12,0.2
2025-10-13,16.4
2025-10-14,0.4
2025-10-15,0.0
2025-10-16,0.0
2025-10-17,0.0
2025-10-18,0.0
2025-10-19,0.0
2025-10-20,0.0
2025-10-21,0.0
2025-10-22,0.0
2025-10-23,0.0
2025-10-24,11.0
2025-10-25,31.6
2025-10-26,13.6
2025-10-27,0.0
2025-10-28,0.2
2025-10-29,0.0
2025-10-30,0.0
2025-10-31,0.0
2025-11-01,0.0
2025-11-02,0.0
2025-11-03,18.6
2025-11-04,47.6
2025-11-05,41.4
2025-11-06,14.200000000000001
2025-11-07,7.4
2025-11-08,0.0
2025-11-09,0.0
2025-11-10,0.2
2025-11-11,0.0
2025-11-12,1.2000000000000002
2025-11-13,48.6
2025-11-14,0.2
2025-11-15,0.0
2025-11-16,41.800000000000004
2025-11-17,16.2
2025-11-18,0.2
2025-11-19,10.200000000000001
2025-11-20,1.2000000000000002
2025-11-21,0.2
2025-11-22,0.2
2025-11-23,0.2
2025-11-24,0.0
2025-11-25,0.0
2025-11-26,0.0
2025-11-27,0.2
2025-11-28,0.0
2025-11-29,0.0
2025-11-30,0.0
2025-12-01,0.2
2025-12-02,0.0
2025-12-03,0.2
2025-12-04,0.0
2025-12-05,0.0
2025-12-06,0.2
2025-12-07,0.0
2025-12-08,0.2
2025-12-09,0.2
2025-12-10,0.2
2025-12-11,0.2
2025-12-12,0.4
2025-12-13,0.0
2025-12-14,0.2
2025-12-15,0.4
2025-12-16,137.6
2025-12-17,70.8
2025-12-18,6.0
2025-12-19,98.60000000000001
2025-12-20,29.0
2025-12-21,220.2
2025-12-22,1.4000000000000001
2025-12-23,22.400000000000002
2025-12-24,33.8
2025-12-25,47.4
2025-12-26,47.8
2025-12-27,0.0
2025-12-28,0.4
2025-12-29,0.2
2025-12-30,0.0
2025-12-31,21.0
2026-01-01,27.200000000000003
2026-01-02,34.0
2026-01-03,52.4
2026-01-04,36.4
2026-01-05,32.8
2026-01-06,0.2
2026-01-07,6.800000000000001
2026-01-08,0.2
2026-01-09,0.0
2026-01-10,0.2
2026-01-11,0.0
2026-01-12,0.2
2026-01-13,0.2
2026-01-14,0.0
2026-01-15,0.2
2026-01-16,0.2
2026-01-17,0.2
2026-01-18,0.0
2026-01-19,0.4
2026-01-20,0.0
2026-01-21,0.0
2026-01-22,0.2
2026-01-23,0.2
2026-01-24,0.0
2026-01-25,0.2
2026-01-26,0.0
2026-01-27,16.400000000000002
2026-01-28,0.2
2026-01-29,0.0
2026-01-30,0.2
2026-01-31,0.2
2026-02-01,0.0
2026-02-02,0.2
2026-02-03,0.2
2026-02-04,0.2
2026-02-05,0.0
2026-02-06,0.0
2026-02-07,0.2
2026-02-08,32.6
2026-02-09,0.2
2026-02-10,1.6
2026-02-11,1.2000000000000002
2026-02-12,0.0
2026-02-13,0.0
2026-02-14,1.0
2026-02-15,75.4
2026-02-16,6.6000000000000005
2026-02-17,24.8
2026-02-18,14.4
2026-02-19,14.8
2026-02-20,0.0
2026-02-21,0.8
2026-02-22,9.4
2026-02-23,23.2
2026-02-24,191.8
2026-02-25,1.0
2026-02-26,0.0
2026-02-27,0.0
2026-02-28,0.2
2026-03-01,0.0
2026-03-02,0.2
2026-03-03,0.0
2026-03-04,3.2
2026-03-05,0.2
2026-03-06,0.0
2026-03-07,0.0
2026-03-08,0.0
2026-03-09,0.0
2026-03-10,0.0
2026-03-11,0.0
2026-03-12,0.0
2026-03-13,0.0
2026-03-14,0.0
2026-03-15,0.0
2026-03-16,0.0
2026-03-17,0.0
2026-03-18,0.0
2026-03-19,0.0
2026-03-20,0.0
2026-03-21,0.0
2026-03-22,0.0
2026-03-23,0.0
2026-03-24,0.0
2026-03-25,0.0
2026-03-26,0.0
2026-03-27,0.0
2026-03-28,0.0
2026-03-29,0.0
2026-03-30,0.0
2026-03-31,2.6
2026-04-01,51.2
2026-04-02,2.0
2026-04-03,0.0
2026-04-04,0.0
2026-04-05,0.0
2026-04-06,0.0
2026-04-07,0.0
2026-04-08,0.0
2026-04-09,2.4000000000000004
2026-04-10,28.8
2026-04-11,33.8
2026-04-12,43.0
2026-04-13,0.0
2026-04-14,0.0
2026-04-15,1.4000000000000001
2026-04-16,0.2
2026-04-17,0.0
2026-04-18,0.0
2026-04-19,0.0
2026-04-20,26.0
2026-04-21,11.4
2026-04-22,4.0
2026-04-23,0.0
2026-04-24,0.0
2026-04-25,0.0
2026-04-26,0.0
2026-04-27,0.0
2026-04-28,0.0
2026-04-29,0.0
2026-04-30,0.0
2026-05-01,0.0
2026-05-02,0.0
2026-05-03,0.0
2026-05-04,1.4000000000000001
