Hole ID,Date,Total Storage Change (mm),time_diff,is_new_segment,segment_id,line_group
12,2014-01-06,108.63646391915951,,False,0,12_0
12,2014-02-10,95.98354578675514,35 days,False,0,12_0
12,2014-02-21,121.5063142872014,11 days,False,0,12_0
12,2014-06-05,59.65794310867926,104 days,True,1,12_1
12,2014-06-18,50.37274259158496,13 days,False,1,12_1
12,2014-07-23,25.81424297197112,35 days,False,1,12_1
12,2015-06-03,66.67695319982114,315 days,True,2,12_2
12,2015-06-27,43.18657923500102,24 days,False,2,12_2
12,2015-08-07,21.663602107770664,41 days,False,2,12_2
12,2015-09-24,4.157165543575106,48 days,False,2,12_2
12,2015-10-25,0.0,31 days,False,2,12_2
12,2015-11-29,74.06110668072135,35 days,False,2,12_2
12,2015-12-29,95.5601475958963,30 days,False,2,12_2
12,2016-02-07,79.21534996433816,40 days,False,2,12_2
12,2016-03-16,90.1366309912996,38 days,False,2,12_2
12,2016-05-03,99.19639088520252,48 days,False,2,12_2
12,2016-06-12,86.85463209001205,40 days,False,2,12_2
12,2016-07-27,24.35486150152325,45 days,False,2,12_2
12,2016-08-27,16.514672357323033,31 days,False,2,12_2
12,2016-09-18,-0.02853987304501926,22 days,False,2,12_2
12,2016-10-09,-4.813134332041383,21 days,False,2,12_2
12,2016-10-20,79.4808281021018,11 days,False,2,12_2
12,2016-11-05,88.47499633210948,16 days,False,2,12_2
12,2016-12-06,100.10969306916853,31 days,False,2,12_2
12,2016-12-18,84.02604080282401,12 days,False,2,12_2
12,2017-02-04,84.71123313562323,48 days,False,2,12_2
12,2017-04-08,112.60748234037737,63 days,True,3,12_3
12,2017-05-14,111.33500629161271,36 days,False,3,12_3
12,2017-05-29,127.46810477587134,15 days,False,3,12_3
12,2017-07-12,146.64557656331823,44 days,False,3,12_3
12,2017-10-08,26.033291225750496,88 days,True,4,12_4
12,2018-01-13,79.83198330530702,97 days,True,5,12_5
12,2018-05-09,107.09477301107835,116 days,True,6,12_6
12,2018-08-06,11.500724579791978,89 days,True,7,12_7
12,2019-05-23,72.11963118793892,290 days,True,8,12_8
12,2019-05-29,64.72856080392344,6 days,False,8,12_8
12,2019-08-15,22.513703962121724,78 days,True,9,12_9
12,2019-09-09,17.654813075915623,25 days,False,9,12_9
12,2019-10-06,31.22604611339922,27 days,False,9,12_9
12,2019-11-03,19.234918012038793,28 days,False,9,12_9
12,2019-12-16,77.76598645798599,43 days,False,9,12_9
12,2020-01-06,82.57397239608859,21 days,False,9,12_9
12,2020-02-09,69.079890300594,34 days,False,9,12_9
12,2020-03-01,91.98256894183342,21 days,False,9,12_9
12,2020-05-29,68.30407984314962,89 days,True,10,12_10
12,2020-07-09,146.78019659154023,41 days,False,10,12_10
12,2020-08-07,120.78066777519193,29 days,False,10,12_10
12,2020-09-05,30.425526318871118,29 days,False,10,12_10
12,2020-10-09,36.75985220855046,34 days,False,10,12_10
12,2020-11-06,18.282073700987073,28 days,False,10,12_10
12,2020-12-03,88.39959887154572,27 days,False,10,12_10
12,2021-01-05,90.71851976248598,33 days,False,10,12_10
12,2021-02-06,93.50232397011993,32 days,False,10,12_10
12,2021-03-12,105.3907480934138,34 days,False,10,12_10
12,2021-04-10,112.5496100433506,29 days,False,10,12_10
12,2021-05-08,96.1060885509297,28 days,False,10,12_10
12,2021-06-10,45.574858056758906,33 days,False,10,12_10
12,2021-07-24,66.87638447528896,44 days,False,10,12_10
12,2021-08-23,24.574124338467186,30 days,False,10,12_10
12,2021-09-09,43.907525145521554,17 days,False,10,12_10
12,2021-10-08,7.3188482878711865,29 days,False,10,12_10
12,2021-11-07,105.71195471725969,30 days,False,10,12_10
12,2021-12-08,119.99248865040919,31 days,False,10,12_10
12,2022-01-19,54.81797233070775,42 days,False,10,12_10
12,2022-02-17,135.5307149743564,29 days,False,10,12_10
12,2022-03-18,121.32628456694175,29 days,False,10,12_10
12,2022-04-28,108.4206566234826,41 days,False,10,12_10
12,2022-05-15,116.95992549332315,17 days,False,10,12_10
12,2022-07-10,103.60408236097962,56 days,False,10,12_10
12,2024-12-31,77.4174732034611,905 days,True,11,12_11
12,2025-01-22,99.46271880533943,22 days,False,11,12_11
12,2025-02-20,77.64917419942307,29 days,False,11,12_11
12,2025-03-22,79.43212674117368,30 days,False,11,12_11
12,2025-04-18,101.98647483817231,27 days,False,11,12_11
12,2025-05-17,94.21700282446632,29 days,False,11,12_11
12,2025-07-30,26.75967206502384,74 days,True,12,12_12
12,2025-09-16,9.545708499311901,48 days,False,12,12_12
12,2025-10-22,18.876483073258324,36 days,False,12,12_12
12,2025-11-19,82.44862221115287,28 days,False,12,12_12
12,2025-12-29,72.85994660795275,40 days,False,12,12_12
12,2026-01-30,109.95794316554283,32 days,False,12,12_12
12,2026-03-03,81.22306218655126,32 days,False,12,12_12
12,2026-04-27,104.66460682362059,55 days,False,12,12_12
13,2014-02-10,51.12626993369442,,False,0,13_0
13,2014-02-21,95.10489541549767,11 days,False,0,13_0
13,2014-06-18,50.132857918272904,117 days,True,1,13_1
13,2014-07-23,30.339452512934596,35 days,False,1,13_1
13,2014-08-13,18.713638539066675,21 days,False,1,13_1
13,2014-09-23,14.83303383139497,41 days,False,1,13_1
13,2015-06-03,51.370570939901036,253 days,True,2,13_2
13,2015-06-27,30.49576284481608,24 days,False,2,13_2
13,2015-08-07,11.889196599106079,41 days,False,2,13_2
13,2015-09-24,-4.009072377061242,48 days,False,2,13_2
13,2015-10-25,0.0,31 days,False,2,13_2
13,2015-11-29,-3.1102750913279427,35 days,False,2,13_2
13,2015-12-29,110.20485692382665,30 days,False,2,13_2
13,2016-02-07,114.25316749502666,40 days,False,2,13_2
13,2016-03-16,113.9068889669102,38 days,False,2,13_2
13,2016-05-03,90.33240514843774,48 days,False,2,13_2
13,2016-06-12,-16.82628247076898,40 days,False,2,13_2
13,2016-07-27,8.119445305171732,45 days,False,2,13_2
13,2016-08-27,-10.511142466066048,31 days,False,2,13_2
13,2016-09-18,-9.70536918113759,22 days,False,2,13_2
13,2016-10-09,-10.83884409373874,21 days,False,2,13_2
13,2016-10-19,6.813931080598082,10 days,False,2,13_2
13,2016-11-05,105.63433639744106,17 days,False,2,13_2
13,2016-12-06,106.15433447383302,31 days,False,2,13_2
13,2016-12-18,115.19514256585062,12 days,False,2,13_2
13,2017-02-04,122.47885794601761,48 days,False,2,13_2
13,2017-04-08,146.20511999577164,63 days,True,3,13_3
13,2017-07-12,98.12381516790606,95 days,True,4,13_4
13,2017-10-08,28.781836653998102,88 days,True,5,13_5
13,2018-01-06,107.87592343960141,90 days,True,6,13_6
13,2018-05-10,116.53080142676934,124 days,True,7,13_7
13,2018-08-06,47.588720570807844,88 days,True,8,13_8
13,2019-05-23,112.87719777889505,290 days,True,9,13_9
13,2019-05-29,105.36123526788313,6 days,False,9,13_9
13,2019-08-15,16.19834700562572,78 days,True,10,13_10
13,2019-09-10,10.746218484649859,26 days,False,10,13_10
13,2019-10-06,16.034116870871014,26 days,False,10,13_10
13,2019-11-03,8.570310599626838,28 days,False,10,13_10
13,2019-12-16,11.966748636292806,43 days,False,10,13_10
13,2020-01-06,67.38192522421598,21 days,False,10,13_10
13,2020-02-09,84.08884786613478,34 days,False,10,13_10
13,2020-03-01,69.43012534759919,21 days,False,10,13_10
13,2020-05-29,57.2288037605595,89 days,True,11,13_11
13,2020-07-09,155.19921818051952,41 days,False,11,13_11
13,2020-08-07,129.9508715182086,29 days,False,11,13_11
13,2020-09-05,21.72290359710835,29 days,False,11,13_11
13,2020-10-09,15.244545935508318,34 days,False,11,13_11
13,2020-11-06,6.850895551531958,28 days,False,11,13_11
13,2020-12-03,6.234355533217205,27 days,False,11,13_11
13,2021-01-05,57.80322669707478,33 days,False,11,13_11
13,2021-02-06,130.95681658602348,32 days,False,11,13_11
13,2021-03-12,129.302682653128,34 days,False,11,13_11
13,2021-04-10,114.91529432236472,29 days,False,11,13_11
13,2021-05-08,95.3287511426679,28 days,False,11,13_11
13,2021-06-10,47.34889134857038,33 days,False,11,13_11
13,2021-07-24,52.3770949143396,44 days,False,11,13_11
13,2021-08-23,1.4710896927858343,30 days,False,11,13_11
13,2021-09-08,57.67558940168044,16 days,False,11,13_11
13,2021-10-08,3.0614740375080007,30 days,False,11,13_11
13,2021-11-07,122.06846335018439,30 days,False,11,13_11
13,2021-12-08,109.2006553261949,31 days,False,11,13_11
13,2022-01-19,123.14188105133722,42 days,False,11,13_11
13,2022-02-17,102.21350465983754,29 days,False,11,13_11
13,2022-03-17,99.07495372154003,28 days,False,11,13_11
13,2022-04-28,123.78551090004692,42 days,False,11,13_11
13,2022-05-15,114.67989737912777,17 days,False,11,13_11
13,2022-07-10,177.2070014899278,56 days,False,11,13_11
13,2023-10-08,6.278266361479991,455 days,True,12,13_12
13,2024-01-30,141.01041598451397,114 days,True,13,13_13
13,2024-03-15,141.8154598166232,45 days,False,13,13_13
13,2024-05-13,145.04896143768957,59 days,False,13,13_13
13,2024-10-17,-5.676007301221559,157 days,True,14,13_14
13,2024-12-31,136.96809165904375,75 days,True,15,13_15
13,2025-01-21,119.35967122669007,21 days,False,15,13_15
13,2025-02-20,142.1148825036698,30 days,False,15,13_15
13,2025-03-21,142.50768658685428,29 days,False,15,13_15
13,2025-04-18,124.6247920819728,28 days,False,15,13_15
13,2025-05-15,112.29810349438974,27 days,False,15,13_15
13,2025-07-30,41.28234356956334,76 days,True,16,13_16
13,2025-09-16,21.120018195774833,48 days,False,16,13_16
13,2025-10-22,25.356657194922402,36 days,False,16,13_16
13,2025-11-19,67.93699151307354,28 days,False,16,13_16
13,2025-12-29,135.66700432949176,40 days,False,16,13_16
13,2026-01-30,130.06304628921328,32 days,False,16,13_16
13,2026-03-02,139.42989159398388,31 days,False,16,13_16
13,2026-04-27,126.59688696233421,56 days,False,16,13_16
14,2014-01-06,106.31143833767614,,False,0,14_0
14,2014-02-10,156.72533353293943,35 days,False,0,14_0
14,2014-02-21,145.9065786601528,11 days,False,0,14_0
14,2014-06-18,75.25431325515348,117 days,True,1,14_1
14,2014-07-23,25.12695601066743,35 days,False,1,14_1
14,2014-08-13,9.69020168211858,21 days,False,1,14_1
14,2014-11-14,135.74477347787277,93 days,True,2,14_2
14,2015-04-19,133.62512037859196,156 days,True,3,14_3
14,2015-06-03,76.92843168374054,45 days,False,3,14_3
14,2015-06-27,27.13476929641554,24 days,False,3,14_3
14,2015-08-07,5.503225785348477,41 days,False,3,14_3
14,2015-09-24,62.00405513951864,48 days,False,3,14_3
14,2015-10-25,0.0,31 days,False,3,14_3
14,2015-11-27,19.59879523312953,33 days,False,3,14_3
14,2015-12-29,134.57823730285284,32 days,False,3,14_3
14,2016-02-07,139.7751986518997,40 days,False,3,14_3
14,2016-03-02,139.37563135038806,24 days,False,3,14_3
14,2016-03-16,135.75476685660308,14 days,False,3,14_3
14,2016-05-03,130.3674098834771,48 days,False,3,14_3
14,2016-06-12,65.11363735657768,40 days,False,3,14_3
14,2016-07-27,3.1836644374463665,45 days,False,3,14_3
14,2016-08-27,-13.485551935218178,31 days,False,3,14_3
14,2016-09-18,-12.613418576908925,22 days,False,3,14_3
14,2016-10-09,-14.978956063002583,21 days,False,3,14_3
14,2016-10-19,137.22266923780978,10 days,False,3,14_3
14,2016-11-05,139.84637676576867,17 days,False,3,14_3
14,2016-12-06,136.02200281645148,31 days,False,3,14_3
14,2016-12-18,151.16742797432724,12 days,False,3,14_3
14,2017-02-04,181.07029141592082,48 days,False,3,14_3
14,2017-04-08,196.67269189693891,63 days,True,4,14_4
14,2017-05-14,131.1523152258136,36 days,False,4,14_4
14,2018-01-07,225.60330205690602,238 days,True,5,14_5
14,2018-03-23,244.48978148606892,75 days,True,6,14_6
14,2018-05-09,206.23180619922718,47 days,False,6,14_6
14,2018-08-08,84.30940012364444,91 days,True,7,14_7
14,2018-12-05,168.42491905108605,119 days,True,8,14_8
14,2019-02-11,179.925450972232,68 days,True,9,14_9
14,2019-03-26,178.86381686025533,43 days,False,9,14_9
14,2019-05-22,181.05976241127738,57 days,False,9,14_9
14,2019-05-29,168.74400515989666,7 days,False,9,14_9
14,2019-08-15,12.69793793598696,78 days,True,10,14_10
14,2019-09-10,4.733697159068502,26 days,False,10,14_10
14,2019-10-06,18.352723247875513,26 days,False,10,14_10
14,2019-11-03,11.866895504410948,28 days,False,10,14_10
14,2019-12-16,156.8168239761661,43 days,False,10,14_10
14,2020-01-06,137.17437240072806,21 days,False,10,14_10
14,2020-02-09,133.46593626333285,34 days,False,10,14_10
14,2020-02-29,110.00788932798547,20 days,False,10,14_10
14,2020-05-29,107.83980973735936,90 days,True,11,14_11
14,2020-09-05,-14.776879791341017,99 days,True,12,14_12
14,2020-10-09,-11.220377073868988,34 days,False,12,14_12
14,2020-11-06,-9.801778449991412,28 days,False,12,14_12
14,2020-12-03,20.675537602502267,27 days,False,12,14_12
14,2021-01-04,108.21291523644297,32 days,False,12,14_12
14,2021-02-06,141.25073046425743,33 days,False,12,14_12
14,2021-03-12,143.2063361376072,34 days,False,12,14_12
14,2021-04-10,134.51250188332153,29 days,False,12,14_12
14,2021-05-08,96.19577936866855,28 days,False,12,14_12
14,2021-06-09,28.012071725074208,32 days,False,12,14_12
14,2021-07-24,106.20784045135201,45 days,False,12,14_12
14,2021-08-08,-17.25759809925286,15 days,False,12,14_12
14,2021-09-08,-7.758963683890637,31 days,False,12,14_12
14,2021-10-08,-26.4820522210011,30 days,False,12,14_12
14,2021-11-08,149.41851430074192,31 days,False,12,14_12
14,2021-12-07,130.4571997972146,29 days,False,12,14_12
14,2022-01-19,143.0950145867751,43 days,False,12,14_12
14,2022-02-17,125.20362988985816,29 days,False,12,14_12
14,2022-03-18,101.36197654570134,29 days,False,12,14_12
14,2022-04-29,122.45403370691939,42 days,False,12,14_12
14,2022-05-14,135.11288192667098,15 days,False,12,14_12
14,2022-07-11,59.7309451593575,58 days,False,12,14_12
14,2022-11-16,42.36448842139969,128 days,True,13,14_13
14,2023-05-12,166.07127669330472,177 days,True,14,14_14
14,2025-02-20,158.6336492739448,650 days,True,15,14_15
14,2026-04-26,146.20252178505004,430 days,True,16,14_16
15,2014-01-06,81.69839747993609,,False,0,15_0
15,2014-02-10,149.15092968240458,35 days,False,0,15_0
15,2014-02-21,155.9237193917999,11 days,False,0,15_0
15,2014-02-25,160.8084217416735,4 days,False,0,15_0
15,2014-03-08,369.38366793060976,11 days,False,0,15_0
15,2014-03-12,385.2276334328039,4 days,False,0,15_0
15,2014-03-24,333.77923662551626,12 days,False,0,15_0
15,2014-04-09,652.1298093233239,16 days,False,0,15_0
15,2014-07-23,200.03224577767887,105 days,True,1,15_1
15,2014-08-12,134.4254968827324,20 days,False,1,15_1
15,2014-09-22,47.433934086491504,41 days,False,1,15_1
15,2014-09-25,58.99357433475033,3 days,False,1,15_1
15,2014-10-22,54.077136947755065,27 days,False,1,15_1
15,2014-10-27,74.06551499835072,5 days,False,1,15_1
15,2014-11-14,90.16802664686664,18 days,False,1,15_1
15,2014-12-01,149.31760598128875,17 days,False,1,15_1
15,2014-12-06,170.92686793778333,5 days,False,1,15_1
15,2015-06-02,350.29038171795924,178 days,True,2,15_2
15,2015-06-28,265.51725246282587,26 days,False,2,15_2
15,2015-08-06,109.37890946972928,39 days,False,2,15_2
15,2015-09-24,52.778974536128224,49 days,False,2,15_2
15,2015-10-25,0.0,31 days,False,2,15_2
15,2015-11-26,18.749503685538397,32 days,False,2,15_2
15,2015-12-29,450.3656541380935,33 days,False,2,15_2
15,2016-02-07,475.7714597412206,40 days,False,2,15_2
15,2016-03-02,455.8904257002084,24 days,False,2,15_2
15,2016-03-16,492.9508761962805,14 days,False,2,15_2
15,2016-05-03,443.8348581045687,48 days,False,2,15_2
15,2016-06-12,376.58553468053634,40 days,False,2,15_2
15,2016-07-27,191.48546829253326,45 days,False,2,15_2
15,2016-08-27,91.79172747440516,31 days,False,2,15_2
15,2016-09-18,38.82959569894058,22 days,False,2,15_2
15,2016-10-09,13.857528674164662,21 days,False,2,15_2
15,2016-10-19,59.78535897502324,10 days,False,2,15_2
15,2016-11-05,158.9591227011406,17 days,False,2,15_2
15,2016-11-17,160.1598178352667,12 days,False,2,15_2
15,2016-12-06,317.795876243216,19 days,False,2,15_2
15,2016-12-18,475.24052002218997,12 days,False,2,15_2
15,2017-02-04,527.1156640254134,48 days,False,2,15_2
15,2017-04-08,597.450079918801,63 days,True,3,15_3
15,2017-05-14,438.3003264887648,36 days,False,3,15_3
15,2017-05-24,584.1819288723683,10 days,False,3,15_3
15,2017-07-13,269.7920925544346,50 days,False,3,15_3
15,2017-10-10,160.09807460870294,89 days,True,4,15_4
15,2017-11-05,146.78338368542876,26 days,False,4,15_4
15,2017-12-18,306.6497421458522,43 days,False,4,15_4
15,2018-01-10,287.2502054142011,23 days,False,4,15_4
15,2019-02-11,495.9511236696653,397 days,True,5,15_5
15,2019-03-26,528.9138634356405,43 days,False,5,15_5
15,2019-05-13,472.7148568461407,48 days,False,5,15_5
15,2019-05-23,528.3937105067611,10 days,False,5,15_5
15,2019-05-29,505.9238759593304,6 days,False,5,15_5
15,2019-06-19,426.4547632640372,21 days,False,5,15_5
15,2019-07-07,359.43150708313937,18 days,False,5,15_5
15,2019-08-14,156.41537023789638,38 days,False,5,15_5
15,2019-09-09,100.9051181056948,26 days,False,5,15_5
15,2019-10-06,92.0121436685606,27 days,False,5,15_5
15,2019-11-03,34.31430731178699,28 days,False,5,15_5
15,2019-12-16,68.63730269772772,43 days,False,5,15_5
15,2020-01-06,50.03250120052327,21 days,False,5,15_5
15,2020-02-09,173.4702590966439,34 days,False,5,15_5
15,2020-03-01,148.18523192959208,21 days,False,5,15_5
15,2020-05-29,169.8536302753749,89 days,True,6,15_6
15,2020-06-27,146.5720418750667,29 days,False,6,15_6
15,2020-09-05,16.59498867408691,70 days,True,7,15_7
15,2020-10-08,99.63703254500541,33 days,False,7,15_7
15,2020-11-08,-37.64957764186637,31 days,False,7,15_7
15,2020-12-03,23.468196364481145,25 days,False,7,15_7
15,2021-01-05,42.936337543381704,33 days,False,7,15_7
15,2021-02-06,189.6155628187946,32 days,False,7,15_7
15,2021-03-13,292.12561310319023,35 days,False,7,15_7
15,2021-04-10,319.3345994401518,28 days,False,7,15_7
15,2021-05-08,330.6953538357135,28 days,False,7,15_7
15,2021-06-09,227.2075506020247,32 days,False,7,15_7
15,2021-07-25,99.66321433476011,46 days,False,7,15_7
15,2021-08-23,27.965485034054925,29 days,False,7,15_7
15,2021-09-09,-14.268554586331097,17 days,False,7,15_7
15,2021-10-07,-36.56223160580266,28 days,False,7,15_7
15,2021-11-08,105.63388809569196,32 days,False,7,15_7
15,2021-12-08,123.32477614568427,30 days,False,7,15_7
15,2022-01-18,503.5933481777277,41 days,False,7,15_7
15,2022-02-18,433.19368928811565,31 days,False,7,15_7
15,2022-03-18,418.2084914483681,28 days,False,7,15_7
15,2022-04-29,495.3206715922603,42 days,False,7,15_7
15,2022-05-14,503.4317897906109,15 days,False,7,15_7
15,2022-07-11,413.7037600645762,58 days,False,7,15_7
15,2022-11-16,36.36121952403856,128 days,True,8,15_8
15,2023-01-29,497.4773251155478,74 days,True,9,15_9
15,2023-05-12,486.27776397756116,103 days,True,10,15_10
15,2023-08-05,185.0151069517931,85 days,True,11,15_11
15,2023-10-07,48.120048048622365,63 days,True,12,15_12
15,2023-11-25,27.527301179316865,49 days,False,12,15_12
15,2024-01-29,521.6488014412427,65 days,True,13,15_13
15,2024-03-13,566.0043313816403,44 days,False,13,15_13
15,2024-04-09,523.262584728652,27 days,False,13,15_13
15,2024-05-14,529.6798539283474,35 days,False,13,15_13
15,2024-09-05,25.48396547656992,114 days,True,14,15_14
15,2024-10-17,-23.475652454737393,42 days,False,14,15_14
15,2024-11-16,33.91653781685215,30 days,False,14,15_14
15,2025-01-23,470.62541308256675,68 days,True,15,15_15
15,2025-02-21,548.0724962355556,29 days,False,15,15_15
15,2025-03-20,557.7072256740962,27 days,False,15,15_15
15,2025-04-17,511.1314734106419,28 days,False,15,15_15
15,2025-05-16,450.16168695689373,29 days,False,15,15_15
15,2025-07-29,103.3812480941252,74 days,True,16,15_16
15,2025-09-15,13.414936778717559,48 days,False,16,15_16
15,2025-10-21,-3.8696153049909006,36 days,False,16,15_16
15,2025-11-18,69.34576423958097,28 days,False,16,15_16
15,2025-12-28,556.5351133926338,40 days,False,16,15_16
15,2026-01-29,482.8908066846114,32 days,False,16,15_16
15,2026-03-02,482.4654180818453,32 days,False,16,15_16
15,2026-03-27,440.22508493577425,25 days,False,16,15_16
15,2026-04-24,460.30254760155657,28 days,False,16,15_16
16,2014-01-06,41.67974752709462,,False,0,16_0
16,2014-02-10,172.9427343726346,35 days,False,0,16_0
16,2014-02-21,199.90616961201377,11 days,False,0,16_0
16,2014-06-05,245.56121564533302,104 days,True,1,16_1
16,2014-06-18,214.63817217334335,13 days,False,1,16_1
16,2014-07-23,116.4964050505268,35 days,False,1,16_1
16,2014-08-12,84.0456299567956,20 days,False,1,16_1
16,2014-09-22,38.949423362710135,41 days,False,1,16_1
16,2014-09-25,52.38318506269955,3 days,False,1,16_1
16,2014-10-27,93.84917648750394,32 days,False,1,16_1
16,2014-11-14,60.38429960075578,18 days,False,1,16_1
16,2014-12-01,274.4347914109665,17 days,False,1,16_1
16,2015-04-19,386.6365299560905,139 days,True,2,16_2
16,2015-06-02,203.56853578489412,44 days,False,2,16_2
16,2015-06-28,168.52822299087475,26 days,False,2,16_2
16,2015-08-06,73.57583223202434,39 days,False,2,16_2
16,2015-09-24,27.58568034201678,49 days,False,2,16_2
16,2015-10-25,0.0,31 days,False,2,16_2
16,2015-11-26,14.068067097199133,32 days,False,2,16_2
16,2015-12-29,298.3753669756315,33 days,False,2,16_2
16,2016-02-07,317.8507228625035,40 days,False,2,16_2
16,2016-03-02,300.9973084739455,24 days,False,2,16_2
16,2016-03-16,304.4552975235894,14 days,False,2,16_2
16,2016-05-03,240.26141135175385,48 days,False,2,16_2
16,2016-06-12,200.53898235036186,40 days,False,2,16_2
16,2016-07-27,72.98464446468245,45 days,False,2,16_2
16,2016-08-27,27.13502366589967,31 days,False,2,16_2
16,2016-09-18,-12.545855005562878,22 days,False,2,16_2
16,2016-10-09,-17.230333644179137,21 days,False,2,16_2
16,2016-10-19,25.08917957989257,10 days,False,2,16_2
16,2016-11-05,128.72504789890806,17 days,False,2,16_2
16,2016-11-17,166.3543695997079,12 days,False,2,16_2
16,2016-12-06,270.4801273707294,19 days,False,2,16_2
16,2016-12-18,291.60406274717883,12 days,False,2,16_2
16,2017-02-04,344.73896320459505,48 days,False,2,16_2
16,2017-04-08,403.6457551822471,63 days,True,3,16_3
16,2017-05-14,232.10166564479985,36 days,False,3,16_3
16,2017-05-30,462.95225358997226,16 days,False,3,16_3
16,2017-10-10,132.1204060542844,133 days,True,4,16_4
16,2017-11-05,132.80143255139782,26 days,False,4,16_4
16,2017-12-18,297.7700758063722,43 days,False,4,16_4
16,2018-01-08,272.9369682261586,21 days,False,4,16_4
16,2019-05-23,332.9386030615159,500 days,True,5,16_5
16,2019-05-29,307.7382020968523,6 days,False,5,16_5
16,2019-07-07,153.1229316215997,39 days,False,5,16_5
16,2019-08-14,69.90784404606897,38 days,False,5,16_5
16,2019-09-09,26.938688494363713,26 days,False,5,16_5
16,2019-10-06,21.285396599771463,27 days,False,5,16_5
16,2019-11-03,-11.46578826959874,28 days,False,5,16_5
16,2019-12-16,108.66440486968273,43 days,False,5,16_5
16,2020-01-06,89.72795471426265,21 days,False,5,16_5
16,2020-02-09,178.73829217862354,34 days,False,5,16_5
16,2020-03-01,159.9973994500245,21 days,False,5,16_5
16,2020-05-29,174.4151409834063,89 days,True,6,16_6
16,2020-06-27,134.0393733224298,29 days,False,6,16_6
16,2020-06-28,491.72260041357254,1 days,False,6,16_6
16,2020-09-05,-8.568935421731531,69 days,True,7,16_7
16,2020-10-08,58.91455033165645,33 days,False,7,16_7
16,2020-11-08,-52.9433042945304,31 days,False,7,16_7
16,2020-12-03,16.82473763689891,25 days,False,7,16_7
16,2021-01-05,127.85169100815547,33 days,False,7,16_7
16,2021-02-06,253.7773193434869,32 days,False,7,16_7
16,2021-03-13,244.14763076445178,35 days,False,7,16_7
16,2021-04-10,248.61284824122887,28 days,False,7,16_7
16,2021-05-08,203.11044333731766,28 days,False,7,16_7
16,2021-06-09,139.96276042617654,32 days,False,7,16_7
16,2021-07-25,68.92731259717841,46 days,False,7,16_7
16,2021-08-23,0.02892712324008631,29 days,False,7,16_7
16,2021-09-09,11.459250644369396,17 days,False,7,16_7
16,2021-10-07,-62.188424497927706,28 days,False,7,16_7
16,2021-11-09,152.78159266112397,33 days,False,7,16_7
16,2021-12-08,195.28068065054097,29 days,False,7,16_7
16,2022-01-18,255.3684161637017,41 days,False,7,16_7
16,2022-02-28,206.69544500587756,41 days,False,7,16_7
16,2022-03-30,186.456671411882,30 days,False,7,16_7
16,2022-04-29,263.1746263827483,30 days,False,7,16_7
16,2022-05-14,275.40659944638355,15 days,False,7,16_7
16,2022-07-11,313.84598360399,58 days,False,7,16_7
16,2023-05-11,239.00604356919249,304 days,True,8,16_8
16,2023-08-05,73.02721615200088,86 days,True,9,16_9
16,2023-11-25,-49.2505584474946,112 days,True,10,16_10
16,2024-01-29,242.04193173646206,65 days,True,11,16_11
16,2024-03-13,259.88085670444485,44 days,False,11,16_11
16,2024-04-09,243.0435403425945,27 days,False,11,16_11
16,2024-05-14,228.34061307253378,35 days,False,11,16_11
16,2024-09-05,-44.957379702356114,114 days,True,12,16_12
16,2024-10-17,-73.45436929295231,42 days,False,12,16_12
16,2024-11-16,-54.40962155606073,30 days,False,12,16_12
16,2025-01-23,169.43654938495956,68 days,True,13,16_13
16,2025-02-21,228.17576570070764,29 days,False,13,16_13
16,2025-03-20,241.31251341399542,27 days,False,13,16_13
16,2025-04-17,216.42907473061555,28 days,False,13,16_13
16,2025-05-16,146.83928041309267,29 days,False,13,16_13
16,2025-07-29,12.062256351382805,74 days,True,14,16_14
16,2025-09-16,-69.61303473433756,49 days,False,14,16_14
16,2025-10-21,-85.47630823161859,35 days,False,14,16_14
16,2025-11-18,11.188272652925685,28 days,False,14,16_14
16,2025-12-28,226.72535909186783,40 days,False,14,16_14
16,2026-01-29,167.176875389988,32 days,False,14,16_14
16,2026-03-02,205.60529691334722,32 days,False,14,16_14
16,2026-04-24,177.28071264774812,53 days,False,14,16_14
2,2014-02-10,240.47562096659507,,False,0,2_0
2,2014-02-21,244.31976874960844,11 days,False,0,2_0
2,2014-06-18,116.30565044193767,117 days,True,1,2_1
2,2014-07-23,40.84541772105589,35 days,False,1,2_1
2,2015-06-03,232.31996276215818,315 days,True,2,2_2
2,2015-06-27,79.33452658805692,24 days,False,2,2_2
2,2015-08-07,20.03783631588682,41 days,False,2,2_2
2,2015-09-24,25.727191831693297,48 days,False,2,2_2
2,2015-10-25,0.0,31 days,False,2,2_2
2,2015-11-29,52.0304174210223,35 days,False,2,2_2
2,2015-12-29,217.27411688183645,30 days,False,2,2_2
2,2016-02-07,216.6411636473074,40 days,False,2,2_2
2,2016-03-16,251.55330566713553,38 days,False,2,2_2
2,2016-05-03,262.78194108583887,48 days,False,2,2_2
2,2016-06-12,203.49101969441537,40 days,False,2,2_2
2,2016-07-27,31.485703769412204,45 days,False,2,2_2
2,2016-08-27,-1.4975631566574799,31 days,False,2,2_2
2,2016-09-18,-13.472979387933337,22 days,False,2,2_2
2,2016-10-09,-11.712936371946995,21 days,False,2,2_2
2,2016-11-05,226.2004471840799,27 days,False,2,2_2
2,2016-12-06,241.3246753925062,31 days,False,2,2_2
2,2017-02-04,246.0117280765764,60 days,False,2,2_2
2,2017-04-08,347.6201924501206,63 days,True,3,2_3
2,2017-10-08,-21.177786692772948,183 days,True,4,2_4
2,2018-01-13,258.3383097524111,97 days,True,5,2_5
2,2018-05-09,210.39804878874156,116 days,True,6,2_6
2,2018-08-06,-18.078520422981033,89 days,True,7,2_7
2,2019-05-23,206.58323224200754,290 days,True,8,2_8
2,2019-05-29,194.01111225677954,6 days,False,8,2_8
2,2019-08-15,64.14224691679263,78 days,True,9,2_9
2,2019-09-10,31.30885914717256,26 days,False,9,2_9
2,2019-10-06,62.878156612843654,26 days,False,9,2_9
2,2019-11-03,40.86397005086342,28 days,False,9,2_9
2,2019-12-16,244.9817314563623,43 days,False,9,2_9
2,2020-01-06,191.23460739902262,21 days,False,9,2_9
2,2020-02-09,185.86417346073551,34 days,False,9,2_9
2,2020-03-01,143.84025710787495,21 days,False,9,2_9
2,2020-05-29,193.9813108882344,89 days,True,10,2_10
2,2020-07-09,490.2020207917132,41 days,False,10,2_10
2,2020-08-07,357.8615525725053,29 days,False,10,2_10
2,2020-09-05,153.74756510321492,29 days,False,10,2_10
2,2020-10-09,77.21275254944081,34 days,False,10,2_10
2,2020-11-06,53.91786472669673,28 days,False,10,2_10
2,2020-12-03,75.58716323306838,27 days,False,10,2_10
2,2021-01-05,287.1110415944755,33 days,False,10,2_10
2,2021-02-06,285.79982535775594,32 days,False,10,2_10
2,2021-03-12,314.1039114331512,34 days,False,10,2_10
2,2021-04-10,317.264638714028,29 days,False,10,2_10
2,2021-05-08,274.4341799870383,28 days,False,10,2_10
2,2021-06-10,192.12765859578323,33 days,False,10,2_10
2,2021-07-24,106.45569673322453,44 days,False,10,2_10
2,2021-08-23,56.51893017648225,30 days,False,10,2_10
2,2021-09-09,57.923176004484574,17 days,False,10,2_10
2,2021-10-08,76.98510174465258,29 days,False,10,2_10
2,2021-11-07,299.21704858875444,30 days,False,10,2_10
2,2021-12-08,316.19122557031653,31 days,False,10,2_10
2,2022-01-19,337.8054406370319,42 days,False,10,2_10
2,2022-02-17,282.76664269859674,29 days,False,10,2_10
2,2022-03-17,249.8643624797024,28 days,False,10,2_10
2,2022-04-28,323.3174853454107,42 days,False,10,2_10
2,2022-05-15,339.6101512709356,17 days,False,10,2_10
2,2022-07-10,325.80154773177736,56 days,False,10,2_10
2,2023-05-12,355.88215445083404,306 days,True,11,2_11
2,2023-07-07,290.77880228973873,56 days,False,11,2_11
2,2023-10-08,107.86586327017963,93 days,True,12,2_12
2,2024-01-29,314.4242441388139,113 days,True,13,2_13
2,2024-03-13,99.9809267619551,44 days,False,13,2_13
2,2024-04-10,331.28459905149964,28 days,False,13,2_13
2,2024-05-12,345.40627163178704,32 days,False,13,2_13
2,2024-09-03,70.50767238085089,114 days,True,14,2_14
2,2024-10-16,55.43948549919793,43 days,False,14,2_14
2,2024-11-18,260.0443016913782,33 days,False,14,2_14
2,2024-12-31,297.41982805783334,43 days,False,14,2_14
2,2025-01-21,312.45486610475064,21 days,False,14,2_14
2,2025-02-20,324.38190754917673,30 days,False,14,2_14
2,2025-03-21,292.2390809115712,29 days,False,14,2_14
2,2025-04-18,305.1347273211363,28 days,False,14,2_14
2,2025-05-17,317.1036888729259,29 days,False,14,2_14
2,2025-07-30,94.37665228512279,74 days,True,15,2_15
2,2025-09-16,68.78729164657793,48 days,False,15,2_15
2,2025-10-22,126.8934977831584,36 days,False,15,2_15
2,2025-11-19,318.06244057406354,28 days,False,15,2_15
2,2025-12-29,319.5716232096301,40 days,False,15,2_15
2,2026-01-30,333.5784345487628,32 days,False,15,2_15
2,2026-03-03,324.1448667875453,32 days,False,15,2_15
2,2026-04-27,336.37071812434107,55 days,False,15,2_15
5,2014-01-06,49.509496347736295,,False,0,5_0
5,2014-02-10,104.80823251533604,35 days,False,0,5_0
5,2014-02-21,122.04820024023874,11 days,False,0,5_0
5,2014-03-24,144.4828953660876,31 days,False,0,5_0
5,2014-06-05,73.89393971603444,73 days,True,1,5_1
5,2014-07-23,31.55646117449107,48 days,False,1,5_1
5,2014-08-12,19.697593107126977,20 days,False,1,5_1
5,2014-09-23,2.4816293587759604,42 days,False,1,5_1
5,2014-10-27,146.44437427094104,34 days,False,1,5_1
5,2015-04-19,137.52612543308896,174 days,True,2,5_2
5,2015-06-03,74.46142202706584,45 days,False,2,5_2
5,2015-08-06,21.584537182249598,64 days,True,3,5_3
5,2015-09-24,38.009045821591286,49 days,False,3,5_3
5,2015-10-25,0.0,31 days,False,3,5_3
5,2015-11-27,77.87471205880429,33 days,False,3,5_3
5,2015-12-29,142.77440595763983,32 days,False,3,5_3
5,2016-02-07,156.95720557639666,40 days,False,3,5_3
5,2016-03-02,155.94121993604557,24 days,False,3,5_3
5,2016-03-16,169.87390372283554,14 days,False,3,5_3
5,2016-05-03,131.59916173202922,48 days,False,3,5_3
5,2016-06-12,60.913226055459354,40 days,False,3,5_3
5,2016-07-27,25.60617628229811,45 days,False,3,5_3
5,2016-08-27,8.103506604406986,31 days,False,3,5_3
5,2016-09-18,4.130505452797284,22 days,False,3,5_3
5,2016-10-09,18.370695274379436,21 days,False,3,5_3
5,2016-11-05,151.21983326301032,27 days,False,3,5_3
5,2016-12-06,160.70802162757343,31 days,False,3,5_3
5,2017-02-04,154.97428322002247,60 days,False,3,5_3
5,2017-04-08,208.1386654962869,63 days,True,4,5_4
5,2017-10-08,7.9523042525690455,183 days,True,5,5_5
5,2018-01-13,152.51669424466257,97 days,True,6,5_6
5,2018-03-23,197.23021736405857,69 days,True,7,5_7
5,2018-08-06,51.58744081621566,136 days,True,8,5_8
5,2018-12-05,121.96780476968247,121 days,True,9,5_9
5,2019-02-11,159.30697779706128,68 days,True,10,5_10
5,2019-03-26,153.96251121492034,43 days,False,10,5_10
5,2019-05-22,203.3647612650565,57 days,False,10,5_10
5,2019-05-29,160.9628511891063,7 days,False,10,5_10
5,2019-06-19,170.69453569974442,21 days,False,10,5_10
5,2019-07-07,112.89756853272362,18 days,False,10,5_10
5,2019-08-15,70.23736637372609,39 days,False,10,5_10
5,2019-09-10,51.12346171284593,26 days,False,10,5_10
5,2019-10-06,65.79499695165808,26 days,False,10,5_10
5,2019-11-03,53.7722561022004,28 days,False,10,5_10
5,2019-12-16,191.43594192272138,43 days,False,10,5_10
5,2020-01-06,153.5588489654696,21 days,False,10,5_10
5,2020-02-09,160.25811762300762,34 days,False,10,5_10
5,2020-02-29,133.54245773291507,20 days,False,10,5_10
5,2020-05-29,144.847214188882,90 days,True,11,5_11
5,2020-06-27,76.58461477285041,29 days,False,11,5_11
5,2020-09-05,69.56235616851065,70 days,True,12,5_12
5,2020-10-09,70.84690411302232,34 days,False,12,5_12
5,2020-11-06,74.04994652273756,28 days,False,12,5_12
5,2020-12-03,203.83998746068357,27 days,False,12,5_12
5,2021-01-05,262.8541697795319,33 days,False,12,5_12
5,2021-02-06,253.7073499874098,32 days,False,12,5_12
5,2021-03-12,244.24790359398384,34 days,False,12,5_12
5,2021-04-10,232.30360671732458,29 days,False,12,5_12
5,2021-05-08,199.34122157148465,28 days,False,12,5_12
5,2021-06-09,125.50965152143951,32 days,False,12,5_12
5,2021-07-24,86.37834207421312,45 days,False,12,5_12
5,2021-08-08,67.69827844698837,15 days,False,12,5_12
5,2021-09-08,101.84259792906282,31 days,False,12,5_12
5,2021-10-08,76.04804024590995,30 days,False,12,5_12
5,2021-11-08,227.61124905362485,31 days,False,12,5_12
5,2021-12-07,224.5093083887502,29 days,False,12,5_12
5,2022-01-18,231.60999091984925,42 days,False,12,5_12
5,2022-02-18,188.6831298251133,31 days,False,12,5_12
5,2022-03-18,189.29360189457918,28 days,False,12,5_12
5,2022-04-29,222.0324770410227,42 days,False,12,5_12
5,2022-05-14,228.57519940557842,15 days,False,12,5_12
5,2022-07-11,123.9596067773801,58 days,False,12,5_12
5,2023-11-24,125.79954894274414,501 days,True,13,5_13
5,2024-01-30,243.95905247902272,67 days,True,14,5_14
5,2024-03-14,246.06557367279842,44 days,False,14,5_14
5,2024-04-10,263.34218182800123,27 days,False,14,5_14
5,2024-05-13,245.6297068515294,33 days,False,14,5_14
5,2024-09-05,71.95942736002942,115 days,True,15,5_15
5,2024-10-16,57.925217453268445,41 days,False,15,5_15
5,2025-01-21,214.98435664520332,97 days,True,16,5_16
5,2025-02-21,238.05264678692174,31 days,False,16,5_16
5,2025-03-21,234.97881466588439,28 days,False,16,5_16
5,2025-05-15,191.9176125711416,55 days,False,16,5_16
5,2025-07-30,75.50309897809169,76 days,True,17,5_17
5,2025-09-15,67.26492157278325,47 days,False,17,5_17
5,2025-10-21,108.46007228923318,36 days,False,17,5_17
5,2025-11-19,200.1111336075366,29 days,False,17,5_17
5,2025-12-28,253.0480027472404,39 days,False,17,5_17
5,2026-01-30,217.8797466095513,33 days,False,17,5_17
5,2026-03-02,242.60288762438086,31 days,False,17,5_17
5,2026-04-26,234.06895238066178,55 days,False,17,5_17
6,2014-01-06,50.25752467848925,,False,0,6_0
6,2014-02-10,132.12194429145157,35 days,False,0,6_0
6,2014-02-21,123.83528161021198,11 days,False,0,6_0
6,2014-02-25,134.2005661811211,4 days,False,0,6_0
6,2014-04-09,193.5702829624027,43 days,False,0,6_0
6,2014-06-05,111.07855255816406,57 days,False,0,6_0
6,2014-07-23,34.157886858437486,48 days,False,0,6_0
6,2014-08-12,23.98171479732219,20 days,False,0,6_0
6,2014-09-23,4.244915868092384,42 days,False,0,6_0
6,2014-10-27,92.50503225852707,34 days,False,0,6_0
6,2014-11-14,115.09047627891128,18 days,False,0,6_0
6,2015-04-19,144.24097685221003,156 days,True,1,6_1
6,2015-06-03,165.91671659859878,45 days,False,1,6_1
6,2015-06-28,96.81092299003186,25 days,False,1,6_1
6,2015-08-06,17.493244987916587,39 days,False,1,6_1
6,2015-09-24,19.43771812438092,49 days,False,1,6_1
6,2015-10-25,0.0,31 days,False,1,6_1
6,2015-11-27,33.96917308492292,33 days,False,1,6_1
6,2015-12-29,136.9040343921712,32 days,False,1,6_1
6,2016-02-07,131.8791036559572,40 days,False,1,6_1
6,2016-03-02,136.81975611271767,24 days,False,1,6_1
6,2016-03-16,145.7751952849215,14 days,False,1,6_1
6,2016-05-03,126.81863897132939,48 days,False,1,6_1
6,2016-06-12,102.36252284903699,40 days,False,1,6_1
6,2016-07-27,40.037478554603354,45 days,False,1,6_1
6,2016-08-27,12.801318489566185,31 days,False,1,6_1
6,2016-09-18,1.8458432375299019,22 days,False,1,6_1
6,2016-10-09,3.4468390199521037,21 days,False,1,6_1
6,2016-10-19,36.1726316857912,10 days,False,1,6_1
6,2016-11-05,123.63373458494472,17 days,False,1,6_1
6,2016-11-17,132.08599315104095,12 days,False,1,6_1
6,2016-12-06,132.2602935308232,19 days,False,1,6_1
6,2016-12-18,139.6129250979232,12 days,False,1,6_1
6,2017-02-04,134.49647210172728,48 days,False,1,6_1
6,2017-04-08,179.6529333798829,63 days,True,2,6_2
6,2017-10-08,7.186136896591094,183 days,True,3,6_3
6,2017-12-18,125.534716644126,71 days,True,4,6_4
6,2018-01-10,152.61549168641204,23 days,False,4,6_4
6,2018-03-23,146.5229478564896,72 days,True,5,6_5
6,2018-08-06,33.202979701879755,136 days,True,6,6_6
6,2018-12-04,70.25241545740793,120 days,True,7,6_7
6,2019-02-11,122.83701502377177,69 days,True,8,6_8
6,2019-03-26,132.1521064717654,43 days,False,8,6_8
6,2019-05-22,122.84851623258986,57 days,False,8,6_8
6,2019-05-29,109.37303102688105,7 days,False,8,6_8
6,2019-06-19,147.07355345129258,21 days,False,8,6_8
6,2019-07-07,122.30792189611078,18 days,False,8,6_8
6,2019-08-15,61.61517091482503,39 days,False,8,6_8
6,2019-09-09,50.08759758433496,25 days,False,8,6_8
6,2019-10-06,52.14386203988639,27 days,False,8,6_8
6,2019-11-03,32.25371722734224,28 days,False,8,6_8
6,2019-12-16,87.06291336133617,43 days,False,8,6_8
6,2020-01-06,89.51114161879049,21 days,False,8,6_8
6,2020-02-09,118.0332488255072,34 days,False,8,6_8
6,2020-02-29,113.73672307376007,20 days,False,8,6_8
6,2020-05-29,111.39083639363965,90 days,True,9,6_9
6,2020-06-27,92.38392577623453,29 days,False,9,6_9
6,2020-09-05,61.77695138761662,70 days,True,10,6_10
6,2020-10-09,53.70960411482523,34 days,False,10,6_10
6,2020-11-08,36.30023256789054,30 days,False,10,6_10
6,2020-12-03,76.45074335595574,25 days,False,10,6_10
6,2021-01-04,141.85429892078145,32 days,False,10,6_10
6,2021-02-06,175.4953604565185,33 days,False,10,6_10
6,2021-03-12,170.51898161003675,34 days,False,10,6_10
6,2021-04-10,178.72070947782092,29 days,False,10,6_10
6,2021-05-08,166.05248891114323,28 days,False,10,6_10
6,2021-06-09,125.5199212984489,32 days,False,10,6_10
6,2021-07-24,73.74439935129628,45 days,False,10,6_10
6,2021-08-08,63.97455200658621,15 days,False,10,6_10
6,2021-09-08,105.62349042918748,31 days,False,10,6_10
6,2021-10-07,45.13570040840712,29 days,False,10,6_10
6,2021-11-08,178.07616410396858,32 days,False,10,6_10
6,2021-12-07,166.57242899803387,29 days,False,10,6_10
6,2022-01-18,196.0363196882846,42 days,False,10,6_10
6,2022-02-18,162.8737774715587,31 days,False,10,6_10
6,2022-03-18,183.98721620900608,28 days,False,10,6_10
6,2022-04-29,182.78999285235594,42 days,False,10,6_10
6,2022-05-14,192.21732504112276,15 days,False,10,6_10
6,2022-07-11,158.22492858743573,58 days,False,10,6_10
6,2022-11-16,72.15112832248539,128 days,True,11,6_11
6,2023-11-24,62.395499436278214,373 days,True,12,6_12
6,2024-01-28,172.88468687172585,65 days,True,13,6_13
6,2024-03-14,177.7020583459762,46 days,False,13,6_13
6,2024-04-10,194.5059674504087,27 days,False,13,6_13
6,2024-05-13,188.2220458155591,33 days,False,13,6_13
6,2024-09-03,35.430198645296024,113 days,True,14,6_14
6,2024-10-16,27.226277006249997,43 days,False,14,6_14
6,2024-11-18,59.17051039561758,33 days,False,14,6_14
6,2025-01-22,149.288085538962,65 days,True,15,6_15
6,2025-03-20,176.0413815989561,57 days,False,15,6_15
6,2025-05-14,148.50950649787887,55 days,False,15,6_15
6,2025-07-29,67.21468628141035,76 days,True,16,6_16
6,2025-09-16,28.42743264912326,49 days,False,16,6_16
6,2025-10-21,51.44612665574494,35 days,False,16,6_16
6,2025-11-19,149.94357772476215,29 days,False,16,6_16
6,2025-12-28,175.84475429917893,39 days,False,16,6_16
6,2026-01-29,157.96339710600873,32 days,False,16,6_16
6,2026-03-02,175.23431996697553,32 days,False,16,6_16
6,2026-03-27,152.56852399538823,25 days,False,16,6_16
6,2026-04-26,162.82392439051102,30 days,False,16,6_16
7,2014-01-06,49.498552060980565,,False,0,7_0
7,2014-02-10,162.67130888423839,35 days,False,0,7_0
7,2014-02-21,180.45680323527145,11 days,False,0,7_0
7,2014-02-25,178.136598896118,4 days,False,0,7_0
7,2014-06-05,111.58860867007236,100 days,True,1,7_1
7,2014-07-23,41.67179168253976,48 days,False,1,7_1
7,2014-08-12,27.96476976862537,20 days,False,1,7_1
7,2014-09-23,11.413463987716984,42 days,False,1,7_1
7,2014-10-27,97.01759175831978,34 days,False,1,7_1
7,2014-11-14,92.81351758475687,18 days,False,1,7_1
7,2015-04-19,165.9488443238077,156 days,True,2,7_2
7,2015-06-03,96.07463418788406,45 days,False,2,7_2
7,2015-06-28,57.78198638420546,25 days,False,2,7_2
7,2015-08-06,21.955251534343834,39 days,False,2,7_2
7,2015-09-24,40.57450266758882,49 days,False,2,7_2
7,2015-10-25,0.0,31 days,False,2,7_2
7,2015-11-26,55.83412897502197,32 days,False,2,7_2
7,2015-12-29,172.5599833677738,33 days,False,2,7_2
7,2016-02-07,176.85749781672445,40 days,False,2,7_2
7,2016-03-02,168.72870585869003,24 days,False,2,7_2
7,2016-03-16,162.4132109693067,14 days,False,2,7_2
7,2016-05-03,162.41808647495546,48 days,False,2,7_2
7,2016-06-12,99.30088592315677,40 days,False,2,7_2
7,2016-07-27,38.20671768777009,45 days,False,2,7_2
7,2016-08-27,4.715210576550491,31 days,False,2,7_2
7,2016-09-18,-2.2610559795999987,22 days,False,2,7_2
7,2016-10-09,-7.381902161414962,21 days,False,2,7_2
7,2016-10-19,126.32738574966035,10 days,False,2,7_2
7,2016-11-05,171.4596731702877,17 days,False,2,7_2
7,2016-11-17,184.09362500044668,12 days,False,2,7_2
7,2016-12-06,173.47799324473823,19 days,False,2,7_2
7,2016-12-18,183.5627228459691,12 days,False,2,7_2
7,2017-02-04,179.23430774504882,48 days,False,2,7_2
7,2017-04-08,220.60213813648198,63 days,True,3,7_3
7,2017-05-14,129.05378661817392,36 days,False,3,7_3
7,2017-07-13,133.19390024261,60 days,False,3,7_3
7,2017-10-08,5.3649023337019255,87 days,True,4,7_4
7,2017-11-05,20.786291807942238,28 days,False,4,7_4
7,2017-12-18,184.50928826393505,43 days,False,4,7_4
7,2018-01-10,203.6749405106394,23 days,False,4,7_4
7,2018-03-23,227.99835399015356,72 days,True,5,7_5
7,2018-08-06,65.92911488876737,136 days,True,6,7_6
7,2019-02-11,185.83492240426625,189 days,True,7,7_7
7,2019-06-19,160.56151800939284,128 days,True,8,7_8
7,2019-07-07,131.7674627637284,18 days,False,8,7_8
7,2019-08-15,60.448521267711286,39 days,False,8,7_8
7,2019-09-09,46.00673455633394,25 days,False,8,7_8
7,2019-10-06,43.12670685557143,27 days,False,8,7_8
7,2019-11-03,26.446575378039523,28 days,False,8,7_8
7,2019-12-16,206.9928958566955,43 days,False,8,7_8
7,2020-01-06,162.87475540915318,21 days,False,8,7_8
7,2020-02-09,165.00974191797619,34 days,False,8,7_8
7,2020-03-01,139.65436945765686,21 days,False,8,7_8
7,2020-05-29,143.08420067762228,89 days,True,9,7_9
7,2020-06-27,97.8274902555547,29 days,False,9,7_9
7,2020-09-05,57.59951494289441,70 days,True,10,7_10
7,2020-10-09,42.47667901534176,34 days,False,10,7_10
7,2020-11-08,34.702296094589414,30 days,False,10,7_10
7,2020-12-03,128.64091420574795,25 days,False,10,7_10
7,2021-01-05,237.21123241211674,33 days,False,10,7_10
7,2021-02-06,235.48590694613821,32 days,False,10,7_10
7,2021-03-12,245.73447099211427,34 days,False,10,7_10
7,2021-04-10,236.34924060578697,29 days,False,10,7_10
7,2021-05-08,197.18079316672905,28 days,False,10,7_10
7,2021-06-09,135.5383397163566,32 days,False,10,7_10
7,2021-07-24,146.0377837307081,45 days,False,10,7_10
7,2021-08-08,71.42287651368743,15 days,False,10,7_10
7,2021-09-08,84.44353017988561,31 days,False,10,7_10
7,2021-10-07,41.20930862427944,29 days,False,10,7_10
7,2021-11-08,229.4756842288844,32 days,False,10,7_10
7,2021-12-07,210.3309232999727,29 days,False,10,7_10
7,2022-01-18,223.59483882629277,42 days,False,10,7_10
7,2022-02-18,186.32084410571238,31 days,False,10,7_10
7,2022-03-18,181.96131050432072,28 days,False,10,7_10
7,2022-04-29,232.77131157643132,42 days,False,10,7_10
7,2022-05-14,221.5527416728219,15 days,False,10,7_10
7,2022-07-11,191.7539765554546,58 days,False,10,7_10
7,2022-11-16,55.27245794040243,128 days,True,11,7_11
7,2023-05-12,210.04185466510606,177 days,True,12,7_12
7,2023-08-05,94.17739505793324,85 days,True,13,7_13
7,2023-10-07,46.190851383057485,63 days,True,14,7_14
7,2023-11-24,98.19115511284791,48 days,False,14,7_14
7,2024-01-28,221.87450071243202,65 days,True,15,7_15
7,2024-03-14,228.6594363295116,46 days,False,15,7_15
7,2024-04-09,202.12022763943182,26 days,False,15,7_15
7,2024-05-12,229.27953355608525,33 days,False,15,7_15
7,2024-09-03,30.996440266560338,114 days,True,16,7_16
7,2024-10-17,23.07789972932356,44 days,False,16,7_16
7,2024-11-18,175.72227175977858,32 days,False,16,7_16
7,2025-01-22,194.1311494667437,65 days,True,17,7_17
7,2025-03-20,234.2420758905463,57 days,False,17,7_17
7,2025-04-17,202.49469311107595,28 days,False,17,7_17
7,2025-05-14,178.2249467918627,27 days,False,17,7_17
7,2025-07-29,72.32249307398014,76 days,True,18,7_18
7,2025-09-16,23.08217019562572,49 days,False,18,7_18
7,2025-10-21,72.44284728771075,35 days,False,18,7_18
7,2025-11-18,207.2308329211236,28 days,False,18,7_18
7,2025-12-28,186.8136122827533,40 days,False,18,7_18
7,2026-01-29,215.33428049109955,32 days,False,18,7_18
7,2026-04-26,198.4543011117401,87 days,True,19,7_19
